{{Infobox company
| name = 株式會社Production Baobab
| name_en = Production Baobab Co.,Ltd.
| logo = 
| logo_size = 
| logo_caption = 
| image =          
| image_size =
| image_caption =
| type = 非上市公司
| trading_name = 
| native_name = 株式会社ぷろだくしょんバオバブ
| native_name_lang = ja
| other_name = baobab
| traded_as = 
| ISIN = 
| local_code = 5011101023355
| local_code_name = JP
| fate = 
| predecessor = 
| successor = 
| foundation = {{Start date and age|df=yes|1979|8|1}}<ref name="company" />
| defunct = <!-- {{End date|YYYY|MM|DD}} -->
| location = {{JPN}}<br />〒162-0825<br />[[東京都|東京都]][[新宿區|新宿區]][[神樂坂|神樂坂]]2-12<br />神樂坂Building5樓<ref name="company" />
| locations = 
| area_served = 
| founder = 
| key_people = 神田百合惠（代表董事）<br />太田直子（常務董事）<br />[[富田耕生|富田耕吉]]（顧問）<ref name="company" />
| industry = 聲優的經營管理 等
| products = [[服務業|服務業]]
| services = 
| revenue = 1000萬[[日圓|日圓]]<ref name="company" />
| operating_income = 
| net_income = 
| aum = <!-- 僅適用於金融服務類公司。 -->
| assets = 
| equity = 
| owner = 
| num_employees = 10名（所屬聲優之外）<ref name="company" />
| num_employees_year = 
| parent = 
| divisions = 
| subsid = 
| homepage = {{URL|pro-baobab.jp/index.html}} {{ja icon}}
| slogan = 
| capital = 
| market_value = 
| P/E_ratio = 
| earnings_per_share = 
| net_asset_value = 
| accounting_period = 
| major_shareholder = 
| footnotes = 
}}

{{japanese|japanese=ぷろだくしょんバオバブ|kana=ぷろだくしょんばおばぶ|romaji=Purodakushon Baobabu}}
'''株式會社Production baobab'''（{{lang-ja|ぷろだくしょんバオバブ}}，{{lang-en|Production Baobab Co.,Ltd.}}），簡稱'''baobab'''，是[[日本|日本]]一家位於[[東京都|東京都]][[新宿區|新宿區]]<ref name="company">{{Cite web|url=http://pro-baobab.jp/company.html|title=【公司概要】株式會社Production Baobab公式官網|work=|publisher=Production Baobab|date=|accessdate=2018-05-10|language=ja|archive-date=2018-05-10|archive-url=https://web.archive.org/web/20180510184811/http://pro-baobab.jp/company.html|dead-url=no}}</ref>的[[聲優|聲優]][[經紀公司|經紀公司]]。

== 概要 ==
=== 歷史 ===
1979年8月1日<ref name="company" />，由[[青二製作|青二Production]]出身的16名聲優及6名工作人員獨立創社。當時主要創立元老是以[[富田耕生|富田耕生]]為中心，參加者有[[富山敬|富山敬]]、[[小原乃梨子|小原乃梨子]]、[[神谷明|神谷明]]、[[井上和彥|井上和彥]]、[[肝付兼太|肝付兼太]]、[[緒方賢一|緒方賢一]]、[[吉田理保子|吉田理保子]]、[[千千松幸子|千千松幸子]]、{{link-ja|加藤治|加藤治|加藤修}}、[[水島裕|水島裕]]、{{link-ja|清水鞠|清水マリ}}、[[北濱晴子|北濱晴子]]、[[野澤雅子|野澤雅子]]、[[三矢雄二|三矢雄二]]、[[山田俊司|基頓山田]]等人。

另外，該經紀公司的名稱是由清水鞠所決定的，其靈感來自法國小說《[[小王子|小王子]]》作品中出現和劇情所用到的[[猴麵包樹|baobab]]，而且是主要生長於[[稀樹草原|稀樹草原]]（savanna）地帶的[[植物|植物]]<ref>[[野澤雅子|野澤雅子]]「第2章 {{lang|ja|声}}優『野{{lang|ja|沢}}雅子』誕生!! 青二{{lang|ja|プロダクションからパオパブへ}}」《我是聲優。》，[http://www.optocomm.co.jp/ Opto Communications] {{Wayback|url=http://www.optocomm.co.jp/ |date=20180525062926 }}出版，1995年11月19日發行，第78頁 ISBN 4-07-217886-1</ref>。

1984年3月1日，baobab吸收聲優{{link-en|立壁和也|たてかべ和也}}所經營的聲優事務所[[Office央|Office央]]（<small>{{lang|ja|オフィス央}}</small>）之後，Office央的名稱從此完全消失<ref>「VOICE TOPICS」《[[Animage|Animage]]》1984年8月號，[[德間書店|德間書店]]，第133頁。</ref><ref>「ANIME JOURNAL {{lang|ja|バオバブとオフィス}}央合併{{lang|ja|す}}!!」《[[Animedia|Animedia]]》1984年5月號，[[學研控股|學習研究社]]，第120頁。</ref>。

=== 其它 ===
baobab擁有附屬聲優培訓學校「B·A·O」，其中現在baobab所屬的第一線聲優[[兒玉明日美|兒玉明日美]]和[[金元壽子|金元壽子]]都是從該培訓學校畢業。並有專用錄音工作室「a Spring Studio」。

還有，baobab學園（<small>{{lang|ja|バオバブ学園}}</small>）是現在Visual Space演員培訓學校（<small>{{lang|ja|ビジュアル·スペース俳優養成所}}</small>）的前身，而baobab學園本身是{{link-ja|劇團雙六|劇団すごろく|劇團Garakuta工房}}（現名劇團雙六）門下的培訓學校。因此，自從B·A·O成立之後，與Visual Space演員培訓學校目前並無直接關係。

baobab自從成立以來，雖然大多作品的角色配音大半由baobab所屬聲優包辦，卻在工作人員列表的聲優協力很少出現該baobab公司的名稱，不過除了《[[巨獸王|未來機械人達爾達尼亞斯]]》或《[[蒙面貓俠|科學小飛喵]]》這2齣電視動畫例外。

baobab事務所的官方網站同時有架設官方部落格『bao通信（<small>{{lang|ja|バオ通信}}</small>）』（舊名『{{lang|ja|デスクのつぶやき}}』），上傳所屬聲優的活動照片和情報消息。該網誌不但會介紹於動畫領域活躍的聲優，同時還有介紹專門為海外電影與電視影集進行日語配音、及專門從事節目解說的聲優。

2009年11月開始，baobab在官方網站成立手機版網站『baobab頻道（<small>{{lang|ja|バオバブチャンネル}}</small>）』（現在已經終了）。

== baobob singers ==
'''baobob singers'''（{{lang-ja|バオバブシンガーズ}}），是在1979年由Production baobab當時的所屬聲優所組成。

=== 作品 ===
所有音樂作品都由[[國王唱片|King Records]]發行。

; 單曲
* {{lang|ja|[[Moskau|めざせモスクワ]]}}（1979年11月21日，德國樂隊[[成吉思汗_(樂隊)|成吉思汗]]同名歌曲的日語翻唱版，日文歌詞翻譯：{{lang|ja|ケイ·ふじやま}}　規格編號：GK-364）
** 曾經榮登[[Oricon公信榜|Oricon公信榜]]單曲最高排名第80名<ref>《Oricon排行書：1968－1997》，[[Oricon公信榜|Oricon]]出版，1997年發行，第265頁 ISBN 4-87131-041-8。</ref>。
** 另外日文版[[歌詞|歌詞]]則是完全無視原始歌詞，而是依據[[1980年夏季奧林匹克運動會|莫斯科奧運]]填詞而成，其中一部份內容跟當時成員所演出的的動畫角色有所關連。
** 該歌曲後來CD化時，現在還能在《{{lang|ja|ディスコ}}歌{{lang|ja|謡コレクション·キング}}編 {{lang|ja|ディスコお}}富{{lang|ja|さん}}》以及《{{lang|ja|ミュージックファイルシリーズ}}/MF{{lang|ja|コンピレーション}} 超空想{{lang|ja|オリンピック}}》這2張獨立CD裡聽到。
** 至於B面收錄由富田耕生與富山敬翻唱的歌曲「{{lang|ja|アバダバ ハネムーン}}」（日文歌詞翻譯：{{link-ja|藤公之介|藤公之介}}，英文版請參照「{{link-en|Aba Daba Honeymoon|Aba Daba Honeymoon}}」 {{en icon}}）第一次問世的時間是在1914年，1950年曾被作為電影《{{link-en|彩鸞綺夢|Two weeks with Love}}》的知名主題曲使用，由[[德琵·雷諾|德琵·雷諾]]和{{link-en|卡爾頓·卡朋特|Carleton Carpenter}}主唱。
* OH！{{lang|ja|サムライ}}（1980年，成吉思汗歌曲「Samurai」的日語翻唱版，日文歌詞翻譯：藤公之介　規格編號：GK-392）
** B面收錄的是富山敬的主唱歌曲「{{lang|ja|アニメーション·ドリーム}}」（作詞：藤公之介、作曲：{{link-ja|佐瀨壽一|佐瀬寿一}}）。

後來在2017年，發行了聲優組合「{{link-ja|FULL Kabs|FULL Kabs}}」（由[[井上和彥|井上和彥]]、[[三矢雄二|三矢雄二]]、[[水島裕|水島裕]]共3人組成）的同名歌曲翻唱版，並收錄在專輯《FULL Labs ～{{lang|ja|伝説には}}未{{lang|ja|だ}}早{{lang|ja|い}}！～》裡。

; 專輯
* {{lang|ja|バオバブ·パーティー}}（1980年3月5日　規格編號：SKS-111） 
** 曾經榮登Oricon公信榜LP最高排名第77名<ref>《Oricon排行書 LP編 昭和45年－平成1年》，Original confidence，1990年發行，第237頁 ISBN 4871310256</ref>。
* {{lang|ja|バオバブ·パーティー}}2（1981年　規格編號：K25A-120）
* 夢{{lang|ja|みるお}}年頃（1981年　規格編號：K25A-207） 

; 其它
* 王{{lang|ja|様の}}耳{{lang|ja|はファンタジー}}（1980年2月 規格編號：SKS-104）
** {{link-ja|劇團雙六|劇団すごろく|劇團Garakuta工房}}[[音樂劇|音樂劇]]「王{{lang|ja|様の}}耳{{lang|ja|はファンタジー}}」原聲音樂。全部以baobob singers名義，收錄了「王{{lang|ja|様の}}耳{{lang|ja|はファンタジー}}」「{{lang|ja|パラレルワールド}}」「前夜祭{{lang|ja|はあとのまつり}}」等歌曲。

至於雙CD版「王{{lang|ja|様の}}耳{{lang|ja|はファンタジー}}」後來在1996年發行的『山本正之作品大全集』中（[[日本華納音樂|日本華納音樂]] 規格編號：WPC6-8255）中收錄。

== 所屬聲優 ==
=== 男性 ===
{{col-begin}}
{{col-4}}
; {{lang|ja|あ}}行
* {{link-ja|石川洋昭|石川ひろあき}}
* [[石丸博也|石丸博也]]
* {{link-ja|市原將弘|市原将弘}}
* 出原匠
* 伊藤和正
* {{link-ja|內田聰明|内田聡明}}
* 姥谷圭祐
* 太田修太
; {{lang|ja|か}}行
* 海渡翼
* {{link-ja|一馬芳和|一馬芳和}}
* {{link-ja|木村雅史|木村雅史}}
* {{link-ja|古賀明|古賀明}}
{{col-4}}
; {{lang|ja|さ}}行
* 酒井聖也
* {{link-ja|澤田將考|澤田将考}}
* [[澀谷茂|澀谷茂]]
* {{link-ja|莊司勝也|荘司勝也}}
* [[白熊寬嗣|白熊寬嗣]]
* {{link-ja|城山堅|城山堅}}
* 末次楓
* [[菅原淳一|菅原淳一]]
* {{link-ja|園部好德|園部好徳}}
; {{lang|ja|た}}行
* [[田谷隼|田谷隼]]
* {{link-ja|鳥海勝美|鳥海勝美}}
{{Col-4}}
; {{lang|ja|な}}行
* {{link-ja|長松博史|長松ひろし}}
* {{link-ja|仲村水希|仲村水希}}
* 名取隼希
* [[西川幾雄|西川幾雄]]
; {{lang|ja|は}}行
* {{link-ja|蓮池龍三|蓮池龍三}}
* -{柊}-一希
* {{link-ja|疋田高志|疋田高志}}
* 久田康樹
* [[廣瀨正志|廣瀨正志]]
* 深澤純
* {{link-ja|船木真人|船木まひと}}
* {{link-ja|古川裕隆|古川裕隆}}
{{Col-4}}
; {{lang|ja|ま}}行
* {{link-ja|町田政則|町田政則}}
* {{link-ja|松井一憲|松井一憲}}
* [[松岡文雄|松岡文雄]]
* {{link-ja|松丸幸太郎|松丸幸太郎}}
* {{link-ja|真仲惠吾|真仲恵吾}}
* {{link-ja|丸山純路|丸山純路}}
* [[水中雅章|水中雅章]]
* {{link-ja|三戶耕三|三戸耕三}}
* {{link-ja|宮崎聰|宮崎聡}}
* 望月遼太
; {{lang|ja|や}}行
* {{link-ja|矢嶋友和|矢嶋友和}}
* {{link-ja|柳澤榮治|柳沢栄治}}
* {{link-ja|山口良|山口りゅう}}
* 山下創也
* {{link-ja|橫尾博之|横尾博之}}
* {{link-ja|橫田成吾|横田成吾}}
; {{lang|ja|わ}}行
* 渡邊和貴
{{col-end}}

=== 女性 ===
{{col-begin}}
{{col-4}}
; {{lang|ja|あ}}行
* 藍澤步實
* {{link-ja|赤池裕美子|赤池裕美子}}
* {{lang|ja|{{link-ja|あきやまかおる|あきやまかおる}}}}
* [[天田有希子|天田有希子]]
* 有馬莞奈
* {{link-ja|池田果奈子|池田果奈子}}
* [[一城美由希|一城美由希]]
* {{link-ja|今井詩子|今井詩子}}
* 岩崎里菜
* [[岩橋由佳|岩橋由佳]]
* {{link-ja|岩淵友紀|岩渕友紀}}
* {{link-ja|梅田貴公美|梅田貴公美}}
* {{link-ja|大地睦美|大地睦美}}
* {{link-ja|小川智代|小川智代}}
{{Col-4}}
; {{lang|ja|か}}行
* [[花藤蓮|花藤蓮]]
* [[金元壽子|金元壽子]]
* {{link-ja|北原美和|北原美和}}
* 木村朱里
* {{link-ja|日下千尋|日下ちひろ}}
* {{link-ja|久保田惠|久保田恵}}
* 倉本華瑠
* [[黑河奈美|黑河奈美]]
* 黑崎詩織
* [[好村俊子|好村俊子]]
* [[興梠里美|興梠里美]]
* {{link-ja|小寺麻未|小寺麻未}}
; {{lang|ja|さ}}行
* -{榊}-夏美
* {{link-ja|咲乃藍里|咲乃藍里|-{咲}-乃藍里}}
* 櫻井海亞
* 鈴木-{咲}-
* 關香澄
{{col-4}}
; {{lang|ja|た}}行
* [[田浦環|田浦環]]
* {{link-ja|瀧澤Roko|滝沢ロコ}}
* {{link-ja|竹口安芸子|竹口安芸子}}
* {{link-ja|田代有紀|田代有紀}}
* 立石美子
* [[田中真奈美|田中真奈美]]
* 手-{嶋}-雪乃
* {{link-ja|天神林知美|天神林ともみ}}
* [[冨樫和美|冨樫和美]]
; {{lang|ja|な}}行
* {{link-ja|野村須磨子|野村須磨子}}
; {{lang|ja|は}}行
* 林-{鮎}-莉
* 葉山真理佳
* {{link-ja|原美由紀|原ミユキ}}
* [[日岡夏美|日岡夏美]]
* {{link-ja|日向幸子|日向ゆきこ}}
* [[平田真菜|平田真菜]]
* [[深田愛衣|深田愛衣]]
* {{link-ja|藤井麻理子|藤井麻理子}}
* {{link-ja|藤原美央子|藤原美央子}}
* [[星野千壽子|星野千壽子]]
* [[堀絢子|堀絢子]]
{{Col-4}}
; {{lang|ja|ま}}行
* {{link-ja|槙原千夏|槇原千夏}}
* [[真柴摩利|真柴摩利]]
* [[松岡由貴|松岡由貴]]
* {{link-ja|翠準子|翠準子}}
* [[峰敦子|峰敦子]]
* 宮坂真由
* [[本井英美|本井英美]]
* [[本宮佳奈|本宮佳奈]]
* {{link-ja|森弘子|森ひろ子}}
; {{lang|ja|や}}行
* {{link-ja|山川亞彌|山川亜弥}}
* [[弓場沙織|弓場沙織]]
* {{link-ja|吉田美保|吉田美保}}
; {{lang|ja|わ}}行
* 渡邊萌奈
{{col-end}}

== 過往所屬聲優 ==
=== 男性 ===
{{HideH|由於人數眾多，請點擊打開查看。}}
{{Col-begin}}
{{Col-3}}
; {{lang|ja|あ}}行
* [[相澤正輝|相澤正輝]]（現所屬：[[大澤事務所|大澤事務所]]）
* {{link-ja|朝倉榮介|朝倉栄介}}（現所屬：[[ARTSVISION|ARTSVISION]]）
* [[有本欽隆|有本欽隆]]（現所屬：{{link-ja|平野稔|平野稔|平野企劃}}）
* {{link-ja|粟津貴嗣|粟津貴嗣}}（現所屬：[[Atomic_Monkey|Atomic Monkey]]）
* {{link-ja|飯田莊平|飯田荘平}}（現所屬：[[Bell_Production|Bell Production]]）
* [[石野龍三|石野龍三]]（現所屬：[[81_Produce|81 Produce]]）
* {{link-ja|伊藤有希 (聲優)|伊藤有希 (声優)|伊藤有希}}（現所屬：[[EARLY_WING#WITH_LINE|WITH LINE]]）
* [[稻葉實|稻葉實]]（現所屬：[[賢Production|賢Production]]）
* [[井上和彥|井上和彥]]（現所屬：{{link-ja|B-Box (演藝事務所)|B-Box|B-Box}}）
* {{link-ja|海老原英人|海老原英人}}
* {{link-ja|大島將哉|大島将哉}}
* [[大瀧進矢|大瀧進矢]]（[[自由職業|自由職業]]）
* {{link-ja|大水忠相|大水忠相}}（引退）
* {{link-ja|大山高男|大山高男}}（現所屬：Visual Space）
* {{link-ja|岡田貴之|岡田貴之}}（現所屬：[[Kenyu_Office|Kenyu Office]]）
* [[緒方賢一|緒方賢一]]（現所屬：{{link-ja|Office海風|オフィス海風}}）
* {{link-ja|小川一樹|小川一樹}}（現所屬：{{link-ja|劇團雙六|劇団すごろく}}）
* [[岡野浩介|岡野浩介]]（自由職業）
* {{link-ja|荻原秀樹|荻原秀樹}}（自由職業）
* [[小田敏充|小田敏充]]（自由職業）
* [[小野健一|小野健一]]（現所屬：[[remax|remax]]）
; {{lang|ja|か}}行
* {{link-ja|笠原幸之助|笠原幸之助}}
* {{link-ja|加藤治|加藤治}}（移籍[[希樂星|希樂星]]之後於在籍中死去）
* [[神谷明|神谷明]]（現所屬：[[神谷明#冴羽商事|-{冴}-羽商事]]代表）
* {{link-ja|神谷和夫|神谷和夫}}
* [[川村拓央|川村拓央]]（現所屬：[[Bell_Production|Bell Production]]）
* {{link-ja|菊地秀之|菊地秀之}}（現所屬：{{link-ja|Mercuring|マーキュリング}}）
* {{link-ja|喜多川拓郎|喜多川拓郎}}（自由職業）
* {{link-ja|北村謙次|北村謙次}}（自由職業）
* {{link-ja|木下尚紀|木下尚紀}}（現所屬：Kenyu Office）
* [[肝付兼太|肝付兼太]]（移籍81 Produce之後於在籍中死去）
* {{link-ja|熊谷誠二|熊谷誠二}}
* {{link-ja|隈本吉成|隈本吉成}}（現所屬：Kenyu Office）
* {{link-ja|倉富亮|倉富亮}}（現所屬：[[Sigma_Seven_e|Sigma Seven e]]）
* {{link-ja|吳圭崇|呉圭崇}}（自由職業）
* {{link-ja|小柴大始|小柴大始}}（自由職業）
* {{link-ja|小林範雄|小林範雄}}（現所屬：[[Yellow-Tail|Yellow-Tail]]）
* [[子安武人|子安武人]]（現所屬：[[T's_Factory|T's Factory]]代表）
* [[金野潤|金野潤]]（現所屬：[[Mausu_Promotion|Mausu Promotion]]）
{{Col-3}}
; {{lang|ja|さ}}行
* [[齊藤次郎|齊藤次郎]]（現所屬：Kenyu Office）
* [[齊藤瑞樹|齊藤瑞樹]]（移籍{{link-ja|OFFICE WATT|オフィス・ワット}}之後於在籍中死去）
* [[坂詰貴之|坂詰貴之]]（現所屬：[[Aksent|Aksent]]）
* [[笹岡繁藏|-{笹}-岡繁藏]]（移籍[[九Production|九Production]]之後於在籍中死去）
* {{link-ja|里見圭一郎|里見圭一郎}}
* [[椎橋和義|椎橋和義]]
* {{link-ja|島香裕|島香裕}}（移籍[[Production★A組|Production★A組]]之後於在籍中死去）
* {{link-ja|志村貴博|志村貴博}}（現所屬：{{link-ja|BloomZ|BloomZ}}）
* {{link-ja|椙山貴夫|椙山貴夫}}
* [[杉山紀彰|杉山紀彰]]（現所屬：[[Stay_Luck|Stay Luck]]）
* [[鈴木勝美|鈴木勝美]]（現所屬：81 Produce）
* {{link-ja|鈴木誠一 (配音員)|鈴木誠一 (声優)|鈴木誠一}}（在籍中死去）
* {{link-ja|千田光男|千田光男}}（現所屬：81 Produce）
* {{link-ja|染谷龍將|染谷龍将}}
; {{lang|ja|た}}行
* {{link-ja|田內裕一|田内裕一}}
* {{link-ja|高橋圭一|高橋圭一}}（現所屬：[[星塵傳播|Stardust Promotion]]）
* {{link-ja|瀧野洋平|滝野洋平}}（現所屬：[[東京俳優生活協同組合|東京俳優生活協同組合]]）
* [[田口昂|田口昂]]（在籍中死去）
* [[立花慎之介|立花慎之介]]（現所屬：[[BLACK_SHIP|BLACK SHIP]]代表）
* [[立壁和也|立壁和也]]（移籍Kenyu Office之後於在籍中死去）
* {{link-ja|田中伸幸|田中伸幸}}
* [[長_(日本配音員)|長]]（舊藝名：長島雄一，現所屬：東京俳優生活協同組合）
* {{link-ja|出村貴|出村貴}}（現所屬：{{link-ja|Jac in production|Jac in production}}）
* {{link-ja|寺井智之|寺井智之}}（現所屬：[[EARLY_WING|EARLY WING]]）
* [[寺島拓篤|寺島拓篤]]（現所屬：[[AXL_ONE|AXL ONE]]）
* [[富田耕生|富田耕生]]（在籍中死去）
* [[富山敬|富山敬]]（在籍中死去）
; {{lang|ja|な}}行
* [[中博史|中博史]]（現所屬：賢Production）
* {{link-ja|仲田隼人|仲田隼人}}
* {{link-ja|中田雅之|中田雅之}}（引退）
* {{link-ja|中村精道|中村精道}}（現所屬：{{link-ja|Quatre Stella|キャトルステラ}}）
* [[仲村秀生|仲村秀生]]（引退後死去）
* {{link-ja|成田和史|成田和史}}
* [[成田劍|成田劍]]（自由職業）
* [[成瀨誠|成瀨誠]]（現所屬：Kenyu Office）
{{Col-3}}
; {{lang|ja|は}}行
* {{link-ja|筈見純|筈見純}}（現所屬：ARTSVISION）
* {{link-ja|濱野仁至|濱野仁至}}
* [[速水獎|速水獎]]（現所屬：[[Rush_Style|Rush Style]]代表）
* [[日野聰|日野聰]]（現所屬：AXL ONE）
* {{link-ja|福士秀樹|福士秀樹}}（現所屬：[http://www.office-fukushi.com/ Office Fukushi]{{Wayback|url=http://www.office-fukushi.com/ |date=20180511012515 }}代表）
* [[福山潤|福山潤]]（現所屬：BLACK SHIP代表）
* {{link-ja|藤井剛|藤井剛}}（現所屬：{{link-ja|POWER RISE|パワー・ライズ}}）
* {{link-ja|藤本隆行|藤本隆行}}（自由職業）
* [[藤本讓|藤本讓]]（移籍81 Produce之後於在籍中死去）
* [[古澤徹|古澤徹]]（現所屬：Offices Toto代表）
* {{link-ja|古田信幸|古田信幸}}（移籍Kenyu Office之後於在籍中死去）
* [[寶龜克壽|寶龜克壽]]（現所屬：Kenyu Office）
* [[堀內賢雄|堀內賢雄]]（現所屬：Kenyu Office代表）
* {{link-ja|堀尾雅彥|堀尾雅彦}}（現所屬：H-Collaboration代表）
* {{link-ja|本多諒太|本多諒太}}（現所屬：Mausu Promotion）
; {{lang|ja|ま}}行
* {{link-ja|松木伸仁|松木伸仁}}（現所屬：[http://ue-e.com/ UE ENTERTAINMENT]{{Wayback|url=http://ue-e.com/ |date=20180330042148 }}）
* [[松本保典|松本保典]]（現所屬：[[Sigma_Seven|Sigma Seven]]）
* [[水島大宙|水島大宙]]（現所屬：AXL ONE）
* [[水島裕|水島裕]]（現所屬：[[Production_Ace|Production Ace]]）
* [[三矢雄二|三矢雄二]]（現所屬：[[Combination_(聲優事務所)|Combination]]）
* {{link-ja|宮下榮治|宮下栄治}}（現所屬：[[aptepro|aptepro]]）
* [[麥人|麥人]]（現所屬：馬鈴薯村代表）
* {{link-ja|室元氣|室元気}}（現所屬：remax）
* [[元村哲也|元村哲也]]（現所屬：Bell Production）
; {{lang|ja|や}}行
* {{link-ja|山口健|山口健}}（成立OYS Produce之後於在籍中死去）
* [[山崎巧|山崎巧]]（現所屬：T.S.P代表）
* {{link-ja|山崎雅也|山崎雅也}}（自由職業）
* {{link-ja|山本尚弘|山本尚弘}}（引退）
* {{link-ja|橫關健悟|横関健悟}}（現所屬：GRASS）
* {{link-ja|吉田孝 (配音員)|吉田孝 (声優)|吉田孝}}（現所屬：{{link-ja|Herringbone|ヘリンボーン}}）
; {{lang|ja|わ}}行
* {{link-ja|渡邊浩司 (配音員)|渡辺浩司 (声優)|渡邊浩司}}
{{Col-end}}
{{HideF}}

=== 女性 ===
{{HideH|由於人數眾多，請點擊打開查看。}}
{{Col-begin}}
{{Col-3}}
; {{lang|ja|あ}}行
* [[青木沙耶香|青木沙耶香]]（現所屬：Bell Production）
* [[秋山照子|秋山照子]]（移籍81 Produce之後於在籍中死去）
* [[淺野麻由美|淺野麻由美]]（現所屬：大澤事務所）
* [[麻見順子|麻見順子]]（現所屬：{{link-ja|美i-style|美i-style}}）
* {{link-ja|綾崎美紀|綾崎みき}}
* [[荒井靜香|荒井靜香]]（現所屬：{{link-ja|FEATHER|フェザード}}）
* [[五十嵐麗|五十嵐麗]]（現所屬：Rush Style）
* [[伊倉一惠|伊倉一惠]]（現所屬：[[青二製作|青二Production]]）
* [[池本小百合|池本小百合]]（現所屬：Kenyu Office）
* {{link-ja|石桃子|石桃子}}
* [[一龍齋貞友|一龍齋貞友]]（自由職業）
* {{link-ja|逸美奈奈子|逸美奈々子}}
* {{link-ja|伊東繪實|伊東絵実}}
* [[井上瑤|井上瑤]]（移籍東京俳優生活協同組合之後於在籍中死去）
* {{link-ja|岩坪理江|岩坪理江}}（引退）
* {{link-ja|上田美由紀 (聲優)|上田みゆき (声優)|上田美由紀}}（現所屬：Isao企劃）
* {{link-ja|宇乃音亞季|宇乃音亜季}}（現所屬：ARTSVISION）
* {{link-ja|大鐘則子|大鐘則子}}
* {{link-ja|大平泉|大平泉}}
* {{link-ja|岡雅子|岡雅子}}（自由職業）
* {{link-ja|織田芙實|織田芙実}}
* [[小原乃梨子|小原乃梨子]]（現所屬：81 Produce）
* [[折笠愛|折笠愛]]（現所屬：AXL ONE）
; {{lang|ja|か}}行
* {{link-ja|片桐真衣|片桐真衣}}（現所屬：海風）
* [[門脇舞以|門-{脇}-舞以]]（自由職業、{{link-ja|Kaleidoscope (演藝事務所)|カレイドスコープ (芸能事務所)|Kaleidoscope}}（業務提攜））
* [[華乃由里|華乃由里]]（現所屬：海風）
* {{link-ja|叶木翔子|叶木翔子|-{叶}-木翔子}}
* {{link-ja|神谷春佳|カミヤ春佳}}
* [[川上千尋|川上千尋]]（現所屬：Object）
* [[川上倫子|川上倫子]]（在籍中死去）
* [[川崎惠理子|川崎惠理子]]（現所屬：Sigma Seven）
* {{link-ja|川西祐子|川西ゆうこ}}（自由職業）
* [[菊地優見|菊地優見]]（自由職業）
* [[北濱晴子|北濱晴子]]（現所屬：青二Production）
* [[木村圓|木村圓]]（現所屬：{{link-ja|懸樋製作|懸樋プロダクション|懸樋Production}}）
* {{link-ja|監物沙織|監物沙織}}
* [[神代知衣|神代知衣]]（現所屬：81 Produce）
* [[小清水亞美|小清水亞美]]（移籍AXL ONE之後不久轉為自由身）
* [[兒玉明日美|兒玉明日美]]（自由職業）
* [[後藤真壽美|後藤真壽美]]（自由職業）
* [[後藤邑子|後藤邑子]]（現所屬：AXL ONE）
* {{link-ja|小日向美和|小日向みわ}}（現所屬：remax）
* [[小林沙苗|小林沙苗]]（現所屬：Sigma Seven）
* {{link-ja|小芭美|小芭美}}（現所屬：Office海風）
* {{link-ja|小松三月|小松三月}}
{{Col-3}}
; {{lang|ja|さ}}行
* {{link-ja|彩木香里|彩木香里}}（現所屬：Herringbone）
* [[榊原良子|-{榊}-原良子]]（自由職業）
* {{link-ja|佐久間純子|佐久間純子}}（在籍中死去）
* {{link-ja|笹川亞矢奈|笹川亜矢奈|-{笹}-川亞矢奈}}
* {{link-ja|笹森亞希|笹森亜希|-{笹}-森亞希}}（現所屬：Aksent）
* {{link-ja|佐藤香織|佐藤香織}}（現所屬：PRODUCTION DAYZE）
* [[佐藤晴香|佐藤晴香]]
* [[佐藤佑子|佐藤佑子]]（現所屬：Aksent）
* [[澤口千惠|澤口千惠]]（自由職業）
* [[三瓶由布子|三瓶由布子]]（現所屬：AXL ONE）
* {{link-ja|篠原明美|篠原あけみ}}（現所屬：ARTSVISION）
* {{link-ja|清水鞠|清水マリ}}（現所屬：81 Produce）
* [[真堂圭|真堂圭]]（現所屬：AXL ONE）
* {{link-ja|瀨畑奈津子|瀬畑奈津子|瀨-{畑}-奈津子}}
* [[仙台惠理|仙台惠理]]（現所屬：[[Amuleto|Amuleto]]）
; {{lang|ja|た}}行
* {{link-ja|高橋美紀|高橋美紀}}（現所屬：[http://takahashi-miki.com/splash-home/ Splash Dream]{{Wayback|url=http://takahashi-miki.com/splash-home/ |date=20180525204506 }}）
* {{link-ja|瀧澤久美子|滝沢久美子}}（現所屬：81 Produce）
* {{link-ja|武政弘子|武政弘子}}
* {{lang|ja|{{link-ja|タルタエリ|タルタエリ}}}}
* [[千千松幸子|千千松幸子]]（現所屬：81 Produce）
* [[土屋實紀|土屋實紀]]（自由職業）
* {{link-ja|凸 (日本配音員)|でこ (声優)|凸}}
* [[友永朱音|友永朱音]]（現所屬：AXL ONE）
; {{lang|ja|な}}行
* [[中澤綠|中澤綠]]
* {{link-ja|中田愛乃|中田愛乃}}
* [[那須惠|那須惠]]（自由職業、{{link-ja|al-share|アル・シェア}}（業務提攜））
* [[七海入歌|七海入歌]]（現所屬：劇團雙六）
* {{link-ja|西宏子|西宏子}}（現所屬：Bell Production）
* {{link-ja|二出川幸|二出川ユキ}}
* [[野澤雅子|野澤雅子]]（現所屬：青二Production）
* {{link-ja|野宮泉|野宮いづみ}}（自由職業）
{{Col-3}}
; {{lang|ja|は}}行
* [[羽村京子|羽村京子]]（現所屬：ARTSVISION）
* [[花形惠子|花形惠子]]（移籍81 Produce之後於在籍中死去）
* [[原田瞳|原田瞳]]（自由職業、{{link-ja|F.M.F|F.M.F}}（業務提攜））
* [[引田有美|引田有美]]（現所屬：ARTSVISION）
* {{link-ja|廣田詩夢|廣田詩夢}}
* {{link-ja|別井友美|別井友美}}
* {{link-ja|堀越真己|堀越真己}}（現所屬：青二Production）
* {{link-ja|本間由香里|本間ゆかり}}（自由職業）
; {{lang|ja|ま}}行
* {{link-ja|前田幸惠|前田ゆきえ}}
* {{link-ja|牧之瀨唯|牧之瀬ゆい}}
* [[松井菜櫻子|松井菜櫻子]]（現所屬：[http://upandups.net/ UPANDUPS]{{Wayback|url=http://upandups.net/ |date=20170728131425 }}代表）
* {{link-ja|松本福美|松本ふくみ}}
* [[間宮久留美|間宮久留美]]（現所屬：81 Produce）
* [[真山亞子|真山亞子]]（現所屬：Kenyu Office）
* {{link-ja|丸山優|丸山ゆう}}（現所屬：Bell Production）
* {{link-ja|三浦智子|三浦智子}}
* [[水田山葵|水田山葵]]（現所屬：青二Production）
* [[水谷優子|水谷優子]]（移籍青二Production之後於在籍中死去）
* [[南央美|南央美]]（現所屬：{{link-ja|PomaRancz|ポマランチ}}）
* {{link-ja|南杏子|南杏子}}
* {{link-ja|宮坂珠理|宮坂珠理|宮-{坂}-珠理}}
* {{link-ja|宮島依里|宮島依里}}（現所屬：懸-{樋}-Production）
* {{link-ja|村竹葵|村竹あおい}}
* {{lang|ja|{{link-ja|森Utau|森うたう|森うたう}}}}
; {{lang|ja|や}}行
* [[矢島晶子|矢島晶子]]（自由職業、[[AIR_AGENCY|AIR AGENCY]]（業務提攜））
* {{link-ja|矢野理香|矢野理香}}
* {{link-ja|山門久美|山門久美}}
* [[山下亞矢香|山下亞矢香]]（現所屬：ARTSVISION）
* {{link-ja|山本小百合|山本小百合}}
* [[橫尾麻里|橫尾麻里]]（現所屬：Sigma Seven）
* {{link-ja|吉田安愉子|吉田安愉子}}
* [[吉田理保子|吉田理保子]]（引退、引退前任職{{link-ja|D-COLOR|ディーカラー}}經理）
; {{lang|ja|わ}}行
* [[渡邊美佐_(聲優)|渡邊美佐]]（現所屬：青二Production）
{{Col-end}}
{{HideF}}

== 網路電台節目 ==
* {{lang|ja|{{link-ja|ふわゆる～♪こしょこしょ話|ふわゆる〜♪こしょこしょ話}}}}

== 從Production baobab獨立的聲優事務所 ==
按創辦年份順序排列：
* [[81_Produce|81 Produce]]（1981年）
* [[T's_Factory|T's Factory]]（1999年）
* [[Kenyu_Office|Kenyu Office]]（2002年）

== 參考來源 ==
{{reflist}}

== 相關項目 ==
* {{link-ja|TWOFIVE|ツーファイブ}}

== 外部連結 ==
* [http://pro-baobab.jp/ 株式會社Production baobab公式官網] {{Wayback|url=http://pro-baobab.jp/ |date=20100111031307 }} {{ja icon}}
* [http://ameblo.jp/baobab-staff/ bao通信] {{Wayback|url=http://ameblo.jp/baobab-staff/ |date=20180505021931 }}（株式會社Production baobab官方網誌，2011年10月啟用，由所屬工作人員更新） {{ja icon}}
* {{Twitter|baobab_info|株式會社Production baobab官方}} {{ja icon}}

{{Production baobab}}
{{DEFAULTSORT:Production baobab}}
[[Category:Production_baobab|*]]
[[Category:聲優事務所|Category:聲優事務所]]
[[Category:新宿區公司|Category:新宿區公司]]
[[Category:1979年成立的公司|Category:1979年成立的公司]]