{{unreferenced|time=2013-08-11T11:01:04+00:00}}
以下為世界各地的[[摩托車|摩托車]][[品牌|品牌]]名稱列表。

== {{AUS}} ==
[[ACME|ACME]]（Sydney）

== {{AUT}} ==
[[Agon|Agon]]、
[[Belarus|Belarus]]、
[[generic|generic]]、
[[KTM|KTM]]、
[[Laurin_&_Klement|Laurin & Klement]]、
[[Puch|Puch]]

== {{BEL}} ==
[[ADS|ADS]]、
[[Ajax|Ajax]]（Brussel）、
[[埃斯塔勒国营工厂|FN]]、
[[Piatti|Piatti]]

== {{BGR}} ==
[[Balkan|Balkan]]

== {{BRA}} ==
[[CBB|CBB]]

== {{BLR}} ==
[[Minsk|Minsk]]（{{lang|ru|Минск}}）

== {{CAN}} ==
[[A&A|A&A]]、
[[Big_Brute|Big Brute]]

== {{CHE}} ==
[[ADM|ADM]]、
[[ECOMOBIL|ECOMOBIL]]、
[[PERAVES|PERAVES]]

== {{PRC}} ==
[[Skyteam|Skyteam]]（[[江苏三鑫摩托车有限公司|三鑫]]）
[https://web.archive.org/web/20130225135647/http://www.zn-motor.com/ '''ZNEN MOTOR''']（[[浙江中能工业集团有限公司|中能]]）、
[[HAOJIANG|HAOJIANG]]（[[广东大冶摩托车技术有限公司|豪江]]）、
[[Baotian|Baotian]]（[[江門市中港寶田摩托車實業有限公司|寶田]]）、
[[CFMOTO|CFMOTO]]（[[春風控股集團|春風]]）、
[[CJYM|CJYM]]（[[重慶建設。雅馬哈摩托車有限公司|建設]]）、
[[DAYUN|DAYUN]]（[[广州大运摩托车有限公司|大运]]）、
[[DAYANG|DAYANG]]（[[洛陽北方易初摩托有限公司|大陽]]）、
[[Emeishan|Emeishan]]（[[浙江凌田摩托車有限公司|峨眉山]]）、
[[ESHINE|ESHINE]]（[[浙江翼翔工貿有限公司|翼翔]]）、
[[Fulaitai|Fulaitai]]（[[永康市福來泰工貿有限公司|福來泰]]）、
[[FYM|FYM]]（[[上海申晟實業有限公司|飛鷹]]）、
[[GAMMA|GAMMA]]（[[永康市加瑪車業有限公司|加瑪]]）、
[[HangLong|HangLong]]（[[浙江凌田摩托車有限公司|航龍]]）、
[[Haojue|Haojue]]（[[大長江集團有限公司|豪爵]]）、
[[Hensim|Hensim]]（[[重慶恆勝集團有限公司|恆勝]]）、
[[Hua_Sha|Hua Sha]]（[[江門市華日|華日]]）、
[[Huawinmotor|Huawinmotor]]（[[重慶隆鑫工業有限公司|華鷹]]）、
[[JIALING|JIALING]]（[[中國嘉陵|嘉陵]]）、
[[JL|JL]]（[[永康市啟宇車業製造廠|鴻運來]]）、
[[KANCED|KANCED]]（[[慈溪康鑫摩托車有限公司|康鑫]]）、
[[KINGPENG|KINGPENG]]（[[上海迅達摩托車製造有限公司|鵬王]]）、
[[KINLONG|KINLONG]]（[[重慶隆鑫工業有限公司|勁隆]]）、
[[Lingben|Lingben]]（[[浙江凌田摩托車有限公司|凌本]]）、
[[LONCIN|LONCIN]]（[[重慶隆鑫工業有限公司|隆鑫]]）、
[[MeiTian|MeiTian]]（[[上海美田摩托車有限公司|美田]]）、
[[MULAN|MULAN]]（[[寧波木蘭工貿有限公司|木蘭]]）、
[[QiSheng|QiSheng]]（[[浙江凌田摩托車有限公司|琪盛]]）、
[[QJLANG|QJLANG]]（[[浙江錢江摩托股份有限公司|錢江]]）、
[[QINGQI|QINGQI]]（[[济南轻骑摩托车有限公司|轻骑摩托]]）、
[[SANDI|SANDI]]（[[江蘇泰興市三迪摩托車有限公司|三迪]]）、
[[SANJG|SANJG]]（[[廣州奔馬實業三鈴摩托|廣州奔馬實業三鈴摩托]]）、
[[Shandong_Pioneer|Shandong Pioneer]]（[[山東先鋒摩托車有限公司|山東先鋒]]）、
[[Shineray|Shineray]]（[[重慶鑫源摩托車有限公司|鑫源]]）
[[XINGCHANG|XINGCHANG]]（[[浙江星昶車業有限公司|星昶]]）、
[[YUEHAO|YUEHAO]]（[[廣州天恆機車工業有限公司|粵豪]]）、
[[ZIPSTAR|ZIPSTAR]]（[[宗申產業集團|力之星]]）、
[[ZONGSHEN|ZONGSHEN]]（[[宗申產業集團|宗申]]）、
[[ZUNLON|ZUNLON]]（[[重慶隆鑫工業有限公司|尊隆]]）、
[[Wuyang-Honda|Wuyang-Honda]]（[[五羊-本田摩托(广州)有限公司|五羊-本田摩托(广州)有限公司]]）、
GSTMOTO 浙江台州古思特机车

== {{CZE}} ==
[[Aeros|Aeros]]、
[[C-Zeta|C-Zeta]]、
[[Čezeta|Čezeta]]、
[[ČZ|ČZ]]、
[[ESO|ESO]]、
[[JAWA|JAWA]]、
[[Kentoya|Kentoya]]、
[[Manet|Manet]]、
[[Yuki|Yuki]]

== {{DEU}} ==
[[Abako|Abako]]、
[[ABC|ABC]]（Berlijn）、
[[Abendsonne|Abendsonne]]、
[[Achilles|Achilles]]、
[[Adler|Adler]]、
[[Adma|Adma]]、
[[Adria|Adria]]、
[[Aeroplan|Aeroplan]]、
[[AFW|AFW]]、
[[Alba|Alba]]、
[[Albert|Albert]]、
[[Albertus|Albertus]]、
[[AWO|AWO]]、
[[Bastert|Bastert]]、
[[BMW|BMW]]、
[[DKW|DKW]]、
[[Dürrkopp|Dürrkopp]]、
[[Eisenacher_Motorenwerk|EMW]]、
[[Ferbedo|Ferbedo]]、
[[Flottweg|Flottweg]]、
[[Goggo-Roller|Goggo-Roller]]、
[[HEINKEL|HEINKEL]]、
[[Hercules|Hercules]]、
[[Industriewerke_Ludwigsfelde|IWL]]、
[[KRUPP|KRUPP]]、
[[Lutz|Lutz]]、
[[Maico|Maico]]、
[[Megola|Megola]]、
[[梅塞施密特|MESSERSCHMITT]]、
[[Michael_Krauser_GmbH|mkm]]、
[[Munch|Munch]]、
[[MuZ|MuZ]]、
[[MZ|MZ]]、
[[NSU_Motorenwerke_AG|NSU]]、
[[SACHS|SACHS]]、
[[Simson|Simson]]、
[[Victoria|Victoria]]、
[[Walba|Walba]]、
[[Württembergisches_Motorfahrzeugwerk_Rottenburg|WMR]]、
[[zündapp|zündapp]]

== {{DNK}} ==
[[Nimbus|Nimbus]]

== {{ESP}} ==
[[AJR|AJR]]（Spanje）、
[[BULTACO|BULTACO]]、
[[DERBI|DERBI]]、
[[GAS_GAS|GAS GAS]]、
[[MONTESA|MONTESA]]、
[[Motor_Hispania|Motor Hispania]]、
[[Orpheo_Sincronic_Sociedad_Anónima|OSSA]]、
[[RIEJU|RIEJU]]、
[[Sanglas|Sanglas]]、
[[Serveta|Serveta]]

== {{EST}} ==
[[Magnum_Chrome|Magnum Chrome]]

== {{FIN}} ==
[[HELKAMA|HELKAMA]]、
[[Tunturi|Tunturi]]

== {{FRA}} ==
[[ABC|ABC]]（Parijs）、
[[Acher|Acher]]、
[[ACMA|ACMA]]、
[[ACS|ACS]]、
[[Ader|Ader]]（bedrijf）、
[[Adonis|Adonis]]、
[[Aeroscoot|Aeroscoot]]、
[[AGF|AGF]]、
[[AGL|AGL]]、
[[Aiglon|Aiglon]]、
[[Albamobile|Albamobile]]、
[[Alcyon|Alcyon]]、
[[Gitane|Gitane]]、
[[Gnome-Rhône|Gnome-Rhône]]、
[[Godier-Genoud|Godier-Genoud]]、
[[jonghi|jonghi]]、
[[MBK|MBK]]、
[[MGC|MGC]]、
[[Mobylette|Mobylette]]、
[[MOTOBÉCANE|MOTOBÉCANE]]、
[[Nougier|Nougier]]、
[[Peugeot|Peugeot]]（[[標緻汽車|寶獅]]）、
[[SCORPA|SCORPA]]、
[[SHERCO|SHERCO]]、
[[Terrot|Terrot]]、
[[VOXAN|VOXAN]]、
[[Werner|Werner]]

== {{GBR}} ==
[[Abbotsford|Abbotsford]]、
[[ABC|ABC]]（Aston）、
[[ABC|ABC]]（Brooklands）、
[[ABC-Znel|ABC-Znel]]、
[[Aberdale|Aberdale]]、
[[Abingdon|Abingdon]]、
[[ABJ|ABJ]]、
[[ACME|ACME]]（Earlesdon）、
[[Advance|Advance]]、
[[AEL|AEL]]、
[[Aeolus|Aeolus]]（Birmingham）、
[[Aeolus|Aeolus]]（Londen）、
[[AER|AER]]、
[[Airolite|Airolite]]、
[[Ajax|Ajax]]（Birmingham）、
[[Ajax|Ajax]]（Wolverhampton）、
[[AJR|AJR]]（Edinburgh）、
[[AJS|AJS]]、
[[AJW|AJW]]、
[[AKD|AKD]]、
[[Akkens|Akkens]]、
[[Albatross|Albatross]]、
[[Ambassador|Ambassador]]、
[[AMC|AMC]]、
[[Ariel|Ariel]]、
[[Armstrong|Armstrong]]、
[[Beardmore_Precision|Beardmore Precision]]、
[[Blackburne|Blackburne]]、
[[Brough|Brough]]、
[[Brough_Superior|Brough Superior]]、
[[BSA|BSA]]、
[[Calthorpe|Calthorpe]]、
[[CCM|CCM]]、
[[Clarendon|Clarendon]]、
[[Cotton|Cotton]]、
[[DOT|DOT]]、
[[Douglas|Douglas]]、
[[EMC|EMC]]、
[[Excelsior|Excelsior]]、
[[Greeves|Greeves]]、
[[Francis-Barnet|Francis-Barnet]]、
[[Haden|Haden]]、
[[Hesketh|Hesketh]]、
[[HRD|HRD]]、
[[Italjet|Italjet]]、
[[Ivy|Ivy]]、
[[James|James]]、
[[Matchless|Matchless]]、
[[New_Hudson|New Hudson]]、
[[Norman|Norman]]、
[[Norton|Norton]]、
[[OEC_Commander|OEC Commander]]、
[[OK-Supreme|OK-Supreme]]、
[[Palmelli|Palmelli]]、
[[Panther|Panther]]、
[[Quasar|Quasar]]、
[[Rickman|Rickman]]、
[[ROYAL_ENFIELD|ROYAL ENFIELD]]、
[[Rudge|Rudge]]、
[[Scott|Scott]]、
[[Sprite|Sprite]]、
[[Spryt|Spryt]]、
[[Sunbeam|Sunbeam]]、
[[TRIUMPH|TRIUMPH]]（[[凯旋摩托车|凯旋]]）、
[[Velocette|Velocette]]、
[[Villiers|Villiers]]、
[[Vincent|Vincent]]、
[[Wooler|Wooler]]

== {{GRC}} ==
[[ALTA|ALTA]]、
[[Lefas|Lefas]]、
[[MEBEA|MEBEA]]、
[[Mego|Mego]]、
[[Megola|Megola]]

== {{HUN}} ==
[[Pannonia|Pannonia]]

== {{IDN}} ==
[[Happy|Happy]]、
[[Kanzen|Kanzen]]、
[[PT_VIVAMAS|PT VIVAMAS]]

== {{IND}} ==
[[Bajaj_Auto|BAJAJ]]、
[[Escorts|Escorts]]、
[[Ideal_JAWA|Ideal JAWA]]、
[[Hero_Honda_Motors_Limited|HERO HONDA]]、
[[Kanda|Kanda]]、
[[Kinetic|Kinetic]]、
[[LML|LML]]、
[[Monto|Monto]]、
[[ROYAL_ENFIELD|ROYAL ENFIELD]]、
[[SIL|SIL]]、
[[TVS_Motor_Company|TVS]]

== {{ITA}} ==
[[Abignente|Abignente]]、
[[ABRA|ABRA]]、
[[Accosato|Accosato]]、
[[Acsa|Acsa]]、
[[AD|AD]]、
[[ADIVA|ADIVA]]、
[[Adriatica|Adriatica]]、
[[Aermacchi|Aermacchi]]、
[[Aero-Caproni|Aero-Caproni]]、
[[Aeromere|Aeromere]]、
[[Aetos|Aetos]]、
[[Agrati|Agrati]]、
[[AIM|AIM]]、
[[Alato|Alato]]、
[[aprilia|aprilia]]、
[[Benelli|Benelli]]、
[[Beta|Beta]]、
[[bimota|bimota]]、
[[Borile|Borile]]、
[[CAGIVA|CAGIVA]]、
[[Capriolo|Capriolo]]、
[[CR&S|CR&S]]、
[[CM|CM]]、
[[Demm|Demm]]、
[[杜卡迪|杜卡迪]]、
[[Fantic_Motor|Fantic Motor]]、
[[GARELLI|GARELLI]]、
[[Ghezzi_&_Brian|Ghezzi & Brian]]、
[[GILERA|GILERA]]、
[[ISOMOTO|ISOMOTO]]、
[[Innocenti|Innocenti]]、
[[蘭美達|蘭美達]]、
[[LAVERDA|LAVERDA]]、
[[Magni|Magni]]、
[[Malaguti|Malaguti]]、
[[Mondial|Mondial]]、
[[Morbidelli|Morbidelli]]、
[[MOTO_GUZZI|MOTO GUZZI]]、
[[MOTO_MORINI|MOTO MORINI]]、
[[MV_Agusta|MV Agusta]]、
[[比雅久|比雅久]]、
[[polini|polini]]、
[[Sumco|Sumco]]、
[[SWM|SWM]]、
[[Tecnomoto|Tecnomoto]]、
[[Terra_Modena|Terra Modena]]、
[[TM|TM]]、
[[Vertemati|Vertemati]]、
[[偉士牌|偉士牌]]、
[[VOR|VOR]]、
[[VYRUS|VYRUS]]、
[[WRM_Motorcycles|WRM]]

== {{JPN}} ==
[[HONDA|HONDA]]（[[本田技研工業株式會社|本田]]）、
[[Abe-Star|Abe-Star]]、
[[BRIDGESTONE|BRIDGESTONE]]（[[普利司通|普利司通]]）、
[[Daihatsu|Daihatsu]]（[[大發工業株式會社|大發]]）、
[[富士兔子速克達|富士兔子速克達]]（[[富士重工業|富士重工業]]）、
[[FUKI_PLANNING|FUKI PLANNING]]、
[[HODAKA|HODAKA]]、
[[Hosk|Hosk]]、
[[KAWASAKI|KAWASAKI]]（[[川崎重工業|川崎重工業]]）、
[[Mitsubishi_Heavy_Industries|Mitsubishi]]（[[三菱重工業|三菱]]）、
[[Rikuo|Rikuo]]（[[陸王|陸王]]）、
[[SUZUKI|SUZUKI]]（[[鈴木_(公司)|鈴木]]）、
[[Tohatsu|Tohatsu]]、
[[YAMAHA|YAMAHA]]（[[山葉發動機|山葉發動機]]）

== {{KOR}} ==
[[DAELIM|DAELIM]]（[[大林自動車工業|大林自動車工業]]）、
[[HYOSUNG|HYOSUNG]]（[[曉星機械工業|曉星機械工業]]）

== {{MEX}} ==
[[Carabela|Carabela]]、
[[Cooper|Cooper]]、
[[Islo|Islo]]、
[[TANK|TANK]]、
[[KTMMEX|KTMMEX]]

== {{MYS}} ==
[[Modenas|Modenas]]、
[[Petronas|Petronas]]

== {{NLD}} ==
[[ABSAF|ABSAF]]、
[[Adek|Adek]]、
[[AGS|AGS]]、
[[AGV|AGV]]、
[[BATAVUS|BATAVUS]]、
[[TOMOS|TOMOS]]

== {{NZL}} ==
[[BRITTEN|BRITTEN]]、
[[Cogsley_Farnesworth|Cogsley Farnesworth]]、
[[N-Zeta|N-Zeta]]、
[[Waratah|Waratah]]

== {{PAK}} ==
[[Adam|Adam]]、
[[Atlas_Honda|Atlas Honda]]、
[[Crown|Crown]]、
[[Dawood_Yamaha|Dawood Yamaha]]、
[[Eagle|Eagle]]、
[[Excel|Excel]]、
[[Geo|Geo]]、
[[Ghani|Ghani]]、
[[Habib|Habib]]、
[[Hero|Hero]]、
[[Laser|Laser]]、
[[Master|Master]]、
[[Metro|Metro]]、
[[Pak_Hero|Pak Hero]]、
[[Ravi|Ravi]]、
[[Road_Prince|Road Prince]]、
[[Saigols|Saigols]]、
[[Shahsawar|Shahsawar]]、
[[Sohrab|Sohrab]]、
[[Star|Star]]、
[[Super_Asia|Super Asia]]、
[[Super_Star|Super Star]]、
[[Suzuki_Pakistan|Suzuki Pakistan]]、
[[Toyo|Toyo]]

== {{POL}} ==
[[CWS|CWS]]、
[[SFM|SFM]]、
[[Sokół|Sokół]]、
[[WFM|WFM]]

== {{PRT}} ==
[[AJP|AJP]]、
[[Casal|Casal]]

== {{ROM}} ==
[[Mobra|Mobra]]

== {{RUS}} ==
[[Balt|Balt]]、
[[Cossack|Cossack]]（{{lang|ru|Каза́ки}}）、
[[GMZ|GMZ]]（{{lang|ru|ГМЗ}}）、
[[IMZ-Ural|IMZ-Ural]]（{{lang|ru|ИМЗ}}）、
[[IZhMASh|IZhMASh]]（{{lang|ru|ИЖМАШ}}）、
[[Kovrov|Kovrov]]（{{lang|ru|Ковро́в}}）、
[[MMZ|MMZ]]（{{lang|ru|ММЗ}}）、
[[NATI|NATI]]、
[[PMZ|PMZ]]、
[[TIZ|TIZ]]（{{lang|ru|ТИЗ}}）、
[[TMZ|TMZ]]（{{lang|ru|ТМЗ}}）、
[[Voskhod|Voskhod]]（{{lang|ru|Восхо́д}}）、
[[ZiD|ZiD]]（{{lang|ru|ЗиД}}）

== {{SGP}} ==
[[Hiro_Motorcycle|Hiro]]

== {{SVN}} ==
[[Tomos|Tomos]]

== {{SWE}} ==
[[HUSABERG|HUSABERG]]、
[[Husqvarna|Husqvarna]]、
[[Highland|Highland]]、
[[Monark|Monark]]

== {{ROC-TW}} ==
[[KYMCO|KYMCO]]（[[光陽工業股份有限公司|光陽]]）、[[PGO|PGO]]（[[PGO|摩特動力]]）、[[SYM|SYM]]（[[SYM|三陽]]）、[[宏佳騰|AEON]]（[[宏佳騰|宏佳騰]]）、CPI（[[捷穎|捷穎]]）、[[Hartford|Hartford]]（[[哈特佛工業股份有限公司|哈特佛]]）、[[SUZUKI|SUZUKI]]（[[台鈴工業股份|台鈴]]）、[[台灣山葉機車|Yamaha]]（[[台灣山葉機車|台灣山葉機車]]）、[[比雅久|Vespa]]（[[比雅久|台灣偉士牌]]）、[[Gogoro|Gogoro]]（[[睿能創意|睿能創意]]）、[[ADIVA|ADIVA]]（[[亞帝發|亞帝發]]）

== {{USA}} ==
[[Ace|Ace]]、
[[Avenger|Avenger]]（ADB）、
[[Alligator|Alligator]]、
[[Allstate|Allstate]]、
[[AMERICAN_EAGLE|AMERICAN EAGLE]]、
[[American_Ironhorse|American Ironhorse]]、
[[American_Performance_Cycle|APC]]、
[[ATK|ATK]]、
[[Big_Bear|Big Bear]]、
[[big_dog|big dog]]、
[[Big_Man_Bikes|Big Man Bikes]]、
[[Bourget_Bike_Works|Bourget Bike Works]]、
[[Boss_Hoss|Boss Hoss]]、
[[Buell|Buell]]、
[[California_Motorcycle_Company|California Motorcycle Company]]、
[[Cleveland|Cleveland]]、
[[Confederate|Confederate]]、
[[Crocker|Crocker]]、
[[Cushman|Cushman]]、
[[Desperado|Desperado]]、
[[Dodge|Dodge]]（[[道奇|道奇]]）、
[[Emblem|Emblem]]、
[[Excelsior-Henderson|Excelsior-Henderson]]、
[[Fischer|Fischer]]、
[[GS_Motor_Works|GS Motor Works]]、
[[HARLEY-DAVIDSON|HARLEY-DAVIDSON]]（[[哈雷戴維森|哈雷戴維森]]）、
[[Hellbound_Steel|Hellbound Steel]]、
[[HENDERSON|HENDERSON]]、
[[Indian|Indian]]、
[[Ironworks|Ironworks]]、
[[Iver_Johnson|Iver Johnson]]、
[[KPX|KPX]]、
[[Merkel|Merkel]]、
[[MotoCzysz|MotoCzysz]]、
[[MTT|MTT]]（[[Marine_Turbine_Technology|海軍陸戰隊渦輪科技]]）、
[[Orange_County_Choppers|OCC]]、
[[POLARIS_VICTORY|POLARIS VICTORY]]、
[[QLINK|QLINK]]、
[[Pantera|Pantera]]、
[[PCW|PCW]]、
[[Pierce|Pierce]]、
[[Pope|Pope]]、
[[ROKON|ROKON]]、
[[Reading_Standard|Reading Standard]]、
[[Red_Horse|Red Horse]]、
[[Rhino_Motorcycles|Rhino Motorcycles]]、
[[Ridley|Ridley]]、
[[Rokon|Rokon]]、
[[Rucker|Rucker]]、
[[Saxon|Saxon]]、
[[Sears|Sears]]、
[[Simplex|Simplex]]、
[[Steed|Steed]]、
[[Stella|Stella]]、
[[Studebaker_Motor_Company|Studebaker]]、
[[Swift|Swift]]、
[[Thor|Thor]]、
[[Titan_Motorcycle_Company|TITAN]]、
[[TN'G|TN'G]]、
[[United_Motors|United Motors]]、
[[VECTRIX|VECTRIX]]、
[[Vegas|Vegas]]、
[[Vengeance|Vengeance]]、
[[Vento|Vento]]、
[[Viper|Viper]]、
[[Von_Dutch_Kustom_Cycles|Von Dutch Kustom Cycles]]、
[[West_Coast_Choppers|West Coast Choppers]]、
[[Whizzer|Whizzer]]、
[[Wicked_Women_Choppers|Wicked Women Choppers]]、
[[Wild_West|Wild West]]、
[[Wyse|Wyse]]、
[[Xtreme_Choppers|Xtreme Choppers]]、
[[Yale|Yale]]、
[[Yankee|Yankee]]、
[[ZAP|ZAP]]

== {{VNM}} ==
[[越南製造及加工出口|VMEP]]

== 其它 ==
[[AEE|AEE]]、
[[GAMAX|GAMAX]]、
[[Maicoletta|Maicoletta]]、
[[SUNDIRO|SUNDIRO]]、
[[X-cite|X-cite]]

== 相關連結 ==
*[[摩托車|摩托車]]

{{各产业公司}}
{{Authority control}}
[[Category:機車公司|*]]
[[Category:交通列表|Category:交通列表]]