{{fansite|time=2018-01-12T02:46:15+00:00}}
{{unreferenced|time=2017-07-07T03:40:54+00:00}}
下表是用[[羅馬字|羅馬字]]的形式拼出[[漢姓|漢姓]]，並由[[百家姓|百家姓]]排列。由於各地發音方式的不同，以及[[拼法系統|拼法系統]]的不一樣，因此不同地區的姓氏羅馬字形式差別很大。
[[中國大陸|中國大陸]]、[[香港|香港]]、[[澳門|澳門]]、[[台灣|台灣]]、[[新加坡|新加坡]]、[[韓國|韓國]]、[[越南|越南]]、[[馬來西亞|馬來西亞]]、[[印尼|印尼]]等地各有不同的系統以[[拉丁字母|拉丁字母]]轉寫[[中文|中文]]。以下列出各地區翻譯姓氏的系統。中國大陸根據[[漢語拼音|漢語拼音]]；中華民國（台灣）则可讓民眾從[[威妥瑪拼音|威妥瑪拼音]]、[[國語注音符號第二式|國語注音符號第二式]]、[[通用拼音|通用拼音]]與[[漢語拼音|漢語拼音]]中自行選擇（本頁面列出最常用的[[威妥瑪拼音|威妥瑪拼音]]）；香港和澳門都根據[[廣州話|廣州話]]發音來翻譯（因此一些普通話同音字在廣州話裡不一定同音），其中香港採用[[香港政府粵語拼音|香港政府粵語拼音]]，澳門採用[[澳門政府粵語拼音|澳門政府粵語拼音]]；馬來西亞和新加坡則根據各種不同方言的發音來翻譯（星馬一帶比較常用的方言有[[東南亞福建話|泉漳話]]、[[潮州話|潮州話]]、[[廣州話|廣州話]]、[[客家話|客家話]]、[[福州話|福州話]]、[[海南話|海南話]]等）。此外，同一字可能有多於一種拼法，本頁面以常用次序列出。

使用網頁瀏覽器搜尋功能，可以從拼法反向找出該人有可能的姓氏以及來自何地區；但由於人口流動，子女亦可能沿用父母出生地姓氏拼法，一個地區的翻譯有時候會在另一個地區出現。本表只列出該地區的通用翻譯系統，而不是窮舉該地區可能出現的所有翻譯版本。原始[[葡萄牙文|葡萄牙文]]由於不用「[[W|W]]」、「[[Y|Y]]」和「[[K|K]]」，澳門拼法通常以「[[V|V]]」和「[[I|I]]」代替，「K」則照常使用。

==[[百家姓|百家姓]]的姓氏==
===百家姓1-40===
{| border="1" cellpadding="5" class="wikitable" style="font-size:95%"
|-
! !! 中文 !! [[中國大陸|中國大陸]] !! [[台灣|台灣]] !! [[香港|香港]] !! [[澳門|澳門]] !! [[新加坡|新加坡]] !! [[馬來西亞|馬來西亞]] !! [[越南|越南]] !! [[韩国|韩国]] !! [[朝鮮|朝鮮]] !! [[琉球|琉球]] !! [[日本|日本]]
|-
| 1 || [[赵姓|赵]] || Zhao || Chao || Chiu || Chio || Teo/Tio || Teoh/Chew/Tiew || Triệu || Jo/Cho
|-
| 2 || [[钱姓|钱]] || Qian || Chien || Chin || Chin || Zee/Chee || Chien/Chen || Tiền || Joen/Chun
|-
| 3 || [[孙姓|孙]] || Sun || Sun || Suen || Sun || Soon/Sng || Soon/Sun/Shun/Song/Tun ||Tôn || Son ||  ||  || Son
|-
| 4 || [[李姓|李]] || Li || Lee/Li || Lee/Li || Lee/Lei || Lee || Lee/Li || Lý || Lee/Rhee/Yi || Ri ||  || Ri 
|-
| colspan="11" | <br />
|-
| 5 || [[周姓|周]] || Zhou || Chou || Chow/Chau || Chao || Chew || Chew/Cheu/Chou/Chow/Chiew || Chu/Châu|| Ju/Chu || Shū
|-
| 6 || [[吴姓|吴]] || Wu || Wu || Ng || Ng || Goh/Ngo || Goh/Ng/Ngo/Ngu || Ngô|| Oh |||||| Go
|-
| 7 || [[郑姓|郑]] || Zheng || Cheng || Cheng || Cheang || Tay || Ching/Tang/Tey/Tay/Tee/Teh/Cheng/Chin/Chang/Chung/Chiang/Te || Trịnh || Jung/Jeong/Chung/Cheong
|-
| 8 || [[王姓|王]] || Wang || Wang || Wong || Vong/Wong || Ong/Heng/Wong/Wang || Ong/Heng/Wong/Wang/Bong/Ng || Vương|| Wang || || || Ou
|-
| colspan="11" | <br />
|-
| 9 || [[冯姓|冯]] || Feng || Feng || Fung || Fong || Pang || Pang/Foong/Fung/Fong ||Phùng || Pung
|-
| 10 || [[陈姓|陈]] || Chen || Chen || Chan || Chan || Tan/Chan/Ting || Chan/Chin/Chen/Tan/Tang/Ting/Ding/Sin || Trần || Jin/Chin || || || Chin
|-
| 11 || [[褚姓|褚]] || Chu || Chu || Chu || Chu || Thi/Soo || Too/Toh/Soo/Su || Trử || Cho/Jeo
|-
| 12 || [[衛姓|衞]] || Wei || Wei || Wai || Wai || Wee || Wee/Wei || Vệ|| Ui/Oui
|-
| colspan="11" | <br />
|-
| 13 || [[蒋姓|蒋]] || Jiang || Chiang || Cheung || Cheong || Chio || Chio/Chiang/Cheong/Chiong ||Tưởng || Jang/Chang
|-
| 14 || [[沈姓|沈]] || Shen || Shen || Shum/Sum || Sam || Sim || Sim/Shim/Shun/Shum || Thẩm || Sim/Shim
|-
| 15 || [[韩姓|韩]] || Han || Han || Hon || Hon || Hang || Hang/Hon/Hong || Hàn|| Han
|-
| 16 || [[楊姓|杨]] || Yang || Yang || Yeung || Ieong || Yeo/Yeoh/Yong || Yong/Yeo/Yeoh/Eow/Yeong/Yew/Ewu/Yu || Dương|| Yang || || || You
|-
| colspan="11" | <br />
|-
| 17 || [[朱姓|朱]] || Zhu || Chu || Chu || Chu || Choo || Chu/Choo/Jee/Jeh/Chee || Châu/Chu || Chu/ Joo
|-
| 18 || [[秦姓|秦]] || Qin || Chin || Chun || Chon || Chin/Ching || Chin/Chng/Ching || Tần || Jin/Chin || || || Hata/Shin
|-
| 19 || [[尤姓|尤]] || You || Yu || Yau || Iao ||Yew|| Yew/You || Vưu || Woo/U
|-
| 20 || [[许姓|许]] || Xu || Hsu || Hui || Hoi/Hui || Hee/Koh/Khoh || Koh/Khu/Kho/Khoo/Khor/Khow/Hoo/Hooi/Khaw/Hii||Hứa || Heo/Huh/Hur
|-
| colspan="11" | <br />
|-
| 21 || [[何姓|何]] || He || Ho || Ho || Ho || Hor/Hoh || Ho/Hoh/Hor || Hà || Ha
|-
| 22 || [[吕姓|吕]] || Lu || Lu || Lui || Loi || Li || Loh/Lei/Lui/Lee/Loo || Lã/Lữ || Yeo/Ryeo
|-
| 23 || [[施姓|施]] || Shi || Shih || Sze || Si || Si/See || Si/See/Sii/Sih || Thi || Shi
|-
| 24 || [[张姓|张]] || Zhang || Chang || Cheung || Cheong || Teo/Teoh/Cheong || Cheong/Chong/Teo/Teoh/Chang/Tiong ||Trương || Jang/Chang
|-
| colspan="11" | <br />
|-
| 25 || [[孔姓|孔]] || Kong || Kung || Hung || Hong || Khong || Kong/Khong/Kung ||Khổng || Gong/Kong
|-
| 26 || [[曹姓|曹]] || Cao || Tsao || Cho/Tso || Chou || Chow/Chau || Cheng/Choo/Cho/Chu/Chau/Chow ||Tào || Cho/Jo
|-
| 27 || [[严姓|严]] || Yan || Yen || Yim || Im || Giam/Ngiam || Yam/Ngim/Giam/Ngiam || Nghiêm|| Uhm
|-
| 28 || [[华姓|华]] || Hua || Hua || Wa/Wah || Va || Hoa/Hua || Wha/Wah/Wa/Hoa/Hua || Hoa || Hwa
|-
| colspan="11" | <br />
|-
| 29 || [[金姓|金]] || Jin || Chin || Kam || Kam || Kim || Kim/King || Kim|| Kim|| Kin || || Kin
|-
| 30 || [[魏姓|魏]] || Wei || Wei || Ngai || Ngai || Gui/Ngui || Ngui/Gui/Woi || Ngụy || Ui/Oui/Wi/Wie/Wee
|-
| 31 || [[陶姓|陶]] || Tao || Tao || To/Tao || Tou || Tau/Tow|| Tau/Tow/Tho/To/Too/Toh || Đào || Do/To
|-
| 32 || [[姜姓|姜]] || Jiang || Chiang || Keung || Keong || Kiang|| Kiang || Khương|| Kang/Gang
|-
| colspan="11" | <br />
|-
| 33 || [[戚姓|戚]] || Qi || Chi || Chik || Chek || Chek || Chek|| Thích || Cheok
|-
| 34 || [[谢姓|谢]] || Xie || Hsieh || Tse || Che || Cheah/Tay/Chia || Cheah/Chiah/Chia/Seah/Sia/See/Tia|| Tạ|| Sa
|-
| 35 || [[邹姓|邹]] || Zou || Tsou || Chau/Chow || Chao/Chau || Chew/Chou/Chu || Chow/Chou || Trâu || Chu
|-
| 36 || [[喻姓|喻]] || Yu || Yu || Yu || U || Zu/Joo/Ju || Yu/Yho/Yuh/Joo/Ju || Dụ || You/Yu
|-
| colspan="11" | <br />
|-
| 37 || [[柏姓|柏]] || Bai || Po || Pak || Pak || Pek/Peh ||Pek/Peh || Bá || Paek/Baek
|-
| 38 ||[[水姓|水]] || Shui || Shui || Sui || Soi || Chwee/Chui|| Shu/Tshui/Chwee/Chui || Thủy || Soo/Su
|-
| 39 || [[窦姓|窦]] || Dou || Tou || Tau || Tao ||Tou/Toh ||Tou/Toh || Đậu || Tu/Du
|-
| 40 || [[章姓|章]] || Zhang || Chang || Cheung || Cheong ||Chio/Chioh/Cheoh || Cheong/Chong/Chioh/Tiong/Tong || Chương || Chang/Jang
|}

===百家姓41-80===
{| border="1" cellpadding="5" class="wikitable" style="font-size:95%"
|-
! !! 中文 !! [[中國大陸|中國大陸]] !! [[台灣|台灣]] !! [[香港|香港]] !! [[澳門|澳門]] !! [[新加坡|新加坡]] !! [[馬來西亞|馬來西亞]] !! [[越南|越南]] !! [[韩国|韩国]] !! [[朝鲜|朝鲜]] !! [[琉球|琉球]] !! [[日本|日本]]
|-
| 41 || [[雲姓|雲]] || Yun || Yun || Wan || Wan/Van ||Hoon/Hung || Hoon/Hung/Woon/Yung || Vân || win
|-
| 42 || [[苏姓|苏]] || Su || Su || So || Sou || Soh || Soh/Saw/Soo/Sz || Tô ||so
|-
| 43 || [[潘姓|潘]] || Pan || Pan || Poon/Pun || Pun || Phua || Phua/Pan/Pang/Phang|| Phan || Ban
|-
| 44 || [[葛姓|葛]] || Ge || Ko || Kot/Quat || Kot || Kat/Kuah || Ge || Cát || Gal
|-
| colspan="11" | <br />
|-
| 45 || [[奚姓|奚]] || Xi || Hsi || Hai || Hai ||Hee ||Hee || Hề || Hae
|-
| 46 || [[范姓|范]] || Fan || Fan || Fan || Fan ||Huang || Huang/Fung/Fam/Fang || Phạm || Bum
|-
| 47 || [[彭姓|彭]] || Peng || Peng || Pang || Pang || Peh || Peh/Peng/Pang/Phang || Bành || Paeng
|-
| 48 || [[郎姓|郎]] || Lang || Lang || Long || Long ||Long/Lang ||Long/Lang ||Lang || Lang
|-
| colspan="11" | <br />
|-
| 49 || [[鲁姓|鲁]] || Lu || Lu || Lo || Lou ||Loo ||Loo/Loh/Lu || Lỗ || Noh
|-
| 50 || [[韦姓|韦]] || Wei || Wei || Wai || Wai || Wee || Wee/Wai/Wei/Vei || Vi|| wei
|-
| 51 || [[昌姓|昌]] || Chang || Chang || Cheung || Cheong ||Chiang || Cheong/Chiang/Cang ||Xương || chang
|-
| 52 || [[马姓|马]] || Ma || Ma || Ma || Ma || Beh || Beh/Mah/Mha/Ma || Mã || Ma|| Ba
|-
| colspan="11" | <br />
|-
| 53 || [[苗姓|苗]] || Miao || Miao || Miu || Mio ||Miau ||Miau || Miêu || mya
|-
| 54 || [[凤姓|凤]] || Feng || Feng || Fung || Fong ||Hong || Hong/Fong || Phụng/Phượng || bong
|-
| 55 || [[花姓|花]] || Hua || Hua || Fa || Fa || Huay|| Huay/Faa/Fah/Fha ||Hoa || hwa
|-
| 56 || [[方姓|方]] || Fang || Fang || Fong || Fong || Png/Pung || Pung/Fan/Fong/Phun/Huong/Hong ||Phương || Bang
|-
| colspan="11" | <br />
|-
| 57 || [[俞姓|俞]] || Yu || Yu || Yu || U ||Joo/Ju ||Joo/Ju/Je/Yii || Du/Dũ || You/Yu
|-
| 58 || [[任姓|任]] || Ren || Jen || Yam || Iam || Zim/Jim || Yam/Ngam/Yim/Ngieng/Ngiam ||Nhậm/Nhiệm || Rim/Yim
|-
| 59 || [[袁姓|袁]] || Yuan || Yuan || Yuen || Un/Iun || Wang|| Yuan/Yuen/Wang/Ngen ||Viên || Won
|-
| 60 || [[柳姓|柳]] || Liu || Liu || Lau || Lao || Lew || Liew/Liu/Lew ||Liễu || You/Yu/Ryu || || || Ryuu
|-
| colspan="11" | <br />
|-
| 61 || [[酆姓|酆]] || Feng || Feng || Fung || Fong ||Hong ||Hong || Phong || peng
|-
| 62 || [[鮑姓|鮑]] || Bao || Pao || Pau || Pao ||Pow/Pau ||Pow/Pau || Bào || po
|-
| 63 || [[史姓|史]] || Shi || Shih || Sze || Si || Sze/Su/Ser ||Sze/Su/Ser|| Sử || Sa
|-
| 64 || [[唐姓|唐]] || Tang || Tang || Tong || Tong ||Tng/Tang || Tng/Tang/Thang/Tong/Thong ||Đường ||dang
|-
| colspan="11" | <br />
|-
| 65 || [[費姓|費]] || Fei || Fei || Pei || Pei ||Hwee/Hui ||Hwee/Hui || Phí || pei
|-
| 66 || [[廉姓|廉]] || Lian || Lien || Lim || Lim ||Liam ||Liam || Liêm || Yeom
|-
| 67 || [[岑姓|岑]] || Cen || Tsen || Sum/Shum || Sam || Ngim || Ngim || Sầm ||
|-
| 68 || [[薛姓|薛]] || Xue || Hsueh || Sit || Sit || Sih || Sih/Sik/Sit/Silk || Tiết || Seol/Sul
|-
| colspan="11" | <br />
|-
| 69 || [[雷姓|雷]] || Lei || Lei || Lui/Louie || Loi || Lui || Loi/Lui/Looi/Lewe/Lei || Lôi ||
|-
| 70 || [[賀姓|賀]] || He || Ho || Ho || Ho ||Hor || Hor/Hoo || Hạ ||
|-
| 71 || [[倪姓|倪]] || Ni || Ni || Ngai || Ngai || Geh/Goi|| Geh/Goi/Nga/Ngam || Nghê ||
|-
| 72 || [[湯姓|湯]] || Tang || Tang || Tong || Tong ||Tng || Thong/Tang/Thang|| Thang ||
|-
| colspan="11" | <br />
|-
| 73 || [[滕姓|滕]] || Teng || Teng || Tang || Tang ||Teng/Theng ||Teng/Theng || Đằng ||
|-
| 74 || [[殷姓|殷]] || Yin || Yin || Yan || Ian || Yam/Hng/Heung || Yam/Hng/Heung || Ân ||
|-
| 75 || [[罗姓|罗]] || Luo || Lo || Law/Lo || Lo || Lo/Lor/Law || Lo/Lor/Law/Loh || La || Rah/Na || Ra
|-
| 76 || [[毕姓|毕]] || Bi || Pi || Put || Pat ||Bik || Bik|| Tất ||
|-
| colspan="11" | <br />
|-
| 77 || [[郝姓|郝]] || Hao || Hao || Kok ||Kok || How/Hak || How/Hak || Hác ||
|-
| 78 || [[邬姓|邬]] || Wu || Wu || Wu || Vu / Wu ||Woo || Woo/Voo/Woh/Wu/Vu|| Ô ||
|-
| 79 || [[安姓|安]] || An || An || On || On ||Ann/Ang ||Ann/Ang ||An || An/Ahn
|-
| 80 || [[常姓|常]] || Chang || Chang || Sheung || Sheong ||Seong/Siong/Sioh ||Seong/Siong/Sioh|| Thường ||
|}

=== 百家姓81-120 ===
{| border="1" cellpadding="5" class="wikitable" style="font-size:95%"
|-
! !! 中文 !! [[中國大陸|中國大陸]] !! [[台灣|台灣]] !! [[香港|香港]] !! [[澳門|澳門]] !! [[新加坡|新加坡]] !! [[馬來西亞|馬來西亞]] !! [[越南|越南]] !! [[韩国|韩国]] !! [[朝鲜|朝鲜]] !! [[琉球|琉球]] !! [[日本|日本]]
|-
| 81 || [[乐姓|乐]]{{NoteTag|[[乐姓|乐姓]]在[[粤语|粤语]]中可讀作「洛」或「岳」。}} || Le/Yue || Le/Yueh || Lok/Ok || Lok/Ok/Ngok ||Lak ||Lak || Lạc/Nhạc ||
|-
| 82 || [[于姓|-{于}-]] || Yu || Yu || Yu || U ||Yee ||Yee || Vu ||
|-
| 83 || [[时姓|时]] || Shi || Shih || See/Sze || Si ||See/Si ||See/Si || Thời ||
|-
| 84 || [[傅姓|傅]] || Fu || Fu || Fu/Foo || Fu ||Poo/Poh ||Poo/Poh/Fu/Foo/Foh || Phó ||
|-
| colspan="11" | <br />
|-
| 85 || [[皮姓|皮]] || Pi || Pi || Pei || Pei ||Puay ||Puay || Bì ||
|-
| 86 || [[卞姓|卞]] || Bian || Pien || Pin || Pin ||Piang ||Piang || Biện || Byun
|-
| 87 || [[齐姓|齐]] || Qi || Chi || Chai || Chai ||Chee ||Chee || Tề ||
|-rn
| 88 || [[康姓|康]] || Kang || Kang || Hong || Hong || Kang/Khang||Kang/Khang || Khang || Gang/Kang
|-
| colspan="11" | <br />
|-
| 89 || [[伍姓|伍]] || Wu || Wu || Ng || Ng || Ng/Ngoh || Ng/Ngo/Ngoh/Wu/Wuh/Woo || Ngũ ||||||||Go
|-
| 90 || [[余姓|余]] || Yu || Yu || Yu/Yue || U || Eu/Yee/I || Eu/Yee || Dư ||
|-
| 91 || [[元姓|元]] || Yuan || Yuan || Yuen || Un / Iun ||Nguang ||Nguang || Nguyên ||
|-
| 92 || [[卜姓|卜]] || Bu || Pu || Puk || Pok ||Pok ||Pok/Puu|| Bốc ||
|-
| colspan="11" | <br />
|-
| 93 || [[顾姓|顾]] || Gu || Ku || Koo || Ku ||Koh || Koe/Koh || Cố ||
|-
| 94 || [[孟姓|孟]] || Meng || Meng || Mang || Mang ||Meng || Meng/Mang || Mạnh || Maeng
|-
| 95 || [[平姓|平]] || Ping || Ping || Ping || Peng || Peng/Pheng || Peng/Pheng || Bình || Pyeong || Pyong||  ||Taira/Hei
|-
| 96 || [[黄姓|黄]] || Huang || Huang || Wong || Vong/Wong || Ng || Bong/Boong/Ng/Eng/Ong/Ooi/Wong/Wee || Hoàng/Huỳnh || Hwang
|-
| colspan="11" | <br />
|-
| 97 || [[和姓|和]] || He || Ho || Wo || Vo ||Hua/Hoa || Hoo/Woh/Woo/Hua/Hoa || Hòa || Hwa
|-
| 98 || [[穆姓|穆]] || Mu || Mu || Muk || Mok ||Mok ||Mok || Mộc ||
|-
| 99 || [[萧姓|萧]] || Xiao || Hsiao || Siu/Shiu || Sio || Seow/Siao || Seow/Siew/Siau/Siaw/Sew/Siu/Seu || Tiêu ||
|-
| 100 || [[尹姓|尹]] || Yin || Yin || Wan || Wan ||Un/Eung ||Un/Eung || Doãn || Yoon
|-
! colspan="11" | <br />
|-
| 101 || [[姚姓|姚]] || Yao || Yao || Yiu || Iu/Io || Yeo || Yeo/Yew/Yow/Yau/Yaw || Diêu ||
|-
| 102 || [[邵姓|邵]] || Shao || Shao || Siu/Shiu || Sio || Shaw/Seow/Sioh || Shao/Shaw/Sao/Shau/Seow/Sioh || Thiệu ||
|-
| 103 || [[湛姓|湛]] || Zhan || Chan || Cham || Cham ||Kam/Kham ||Kam/Kham || Trạm ||
|-
| 104 || [[汪姓|汪]] || Wang || Wang || Wong || Vong/Wong ||Wang || Wang/Wong/Vang || Uông ||
|-
| colspan="11" | <br />
|-
| 105 || [[祁姓|祁]] || Qi || Chi || Kei || Kei ||Kee ||Kee || Kỳ ||
|-
| 106 || [[毛姓|毛]] || Mao || Mao || Mo || Mou ||Moh/Mor || Bo/Boo/Moh/Moo/Mor || Mao || Mo || Mō
|-
| 107 || [[禹姓|禹]] || Yu || Yu || Yu || U ||Woo ||Woo || Vũ ||
|-
| 108 || [[狄姓|狄]] || Di || Ti || Tik/Dick || Tek ||Tek ||Tek || Địch ||
|-
| colspan="11" | <br />
|-
| 109 || [[米姓|米]] || Mi || Mi || Mai || Mai ||Bee ||Bee || Mễ ||
|-
| 110 || [[贝姓|贝]] || Bei || Pei || Pui || Pui ||Puay ||Puay || Bối ||
|-
| 111 || [[明姓|明]] || Ming || Ming || Ming || Meng ||Meng ||Meng|| Minh || Myeong/Myung
|-
| 112 || [[臧姓|臧]] || Zang || Tsang || Chong ||Tsang/Chang/Chan ||Tsang/Chang/Chan || || Tang ||
|-
| colspan="11" | <br />
|-
| 113 || [[计姓|计]] || Ji || Chi || Kai || Kai ||Koi ||Koi || Kế ||
|-
| 114 || [[伏姓|伏]] || Fu || Fu || Fuk || Fok ||Hok ||Hok || Phục ||
|-
| 115 || [[成姓|成]] || Cheng || Cheng || Shing/Sing || Seng ||Seng || Seng/Sang/Shang/Tshan/Tshang || Thành || Sung/ Seong
|-
| 116 || [[戴姓|戴]] || Dai || Tai || Tai || Tai || Te/To/Tor || Tai/Thai/Dai/Dhai/To/Tor || Đái ||
|-
| colspan="11" | <br />
|-
| 117 || [[谈姓|谈]] || Tan || Tan || Tam || Tam ||Tam ||Tam || Đạm ||
|-
| 118 || [[宋姓|宋]] || Song || Sung / Soong || Sung || Song || Song || Shong/Song/Sung || Tống || Song
|-
| 119 || [[茅姓|茅]] || Mao || Mao || Mau || Mao ||Mau/Mow ||Mau/Mow || Mao ||
|-
| 120 || [[庞姓|庞]] || Pang || Pang || Pong || Pong || Pang || Phong/Pong/Pang || Bàng ||
|}

===百家姓121-160===
{| border="1" cellpadding="5" class="wikitable" style="font-size:95%"
|-
! !! 中文 !! [[中國大陸|中國大陸]] !! [[台灣|台灣]] !! [[香港|香港]] !! [[澳門|澳門]] !! [[新加坡|新加坡]] !! [[馬來西亞|馬來西亞]] !! [[越南|越南]] !! [[韩国|韩国]] !! [[朝鲜|朝鲜]] !! [[琉球|琉球]] !! [[日本|日本]]
|-
| 121 || [[熊姓|熊]] || Xiong || Hsiung || Hung || Hong ||Him || Yoong/Hiung/Hung/Him || Hùng ||
|-
| 122 || [[纪姓|纪]] || Ji || Chi || Kei || Kei ||Kee || Kee/Ki || Kỷ ||
|-
| 123 || [[舒姓|舒]] || Shu || Shu || Shu || Shu ||Soo/Su ||Soo/Su || Thư ||
|-
| 124 || [[屈姓|屈]] || Qu || Chu || Wat || Vat / Wat ||Kut/Kuk ||Kut/Kuk || Khuất||
|-
| colspan="11" | <br />
|-
| 125 || [[项姓|项]] || Xiang || Hsiang || Hong || Hong ||Hang ||Hang || Hạng ||
|-
| 126 || [[祝姓|祝]] || Zhu || Chu || Chuk || Chok ||Chok || Chok/Choke/Chuk || Chúc ||
|-
| 127 || [[董姓|董]] || Dong || Tung || Tung || Tong || Tang/Tong || Thung/Tong/Tung/Dung/Thong|| Đổng|| Dong
|-
| 128 || [[梁姓|梁]] || Liang || Liang || Leung || Leong || Neo/Nio/Niu || Liang/Liong/Leong/Neo/Neoh/Leo || Lương || Ryeong/Yang|| Ryang
|-
| colspan="11" | <br />
|-
| 129 || [[杜姓|杜]] || Du || Tu || To/Tao/Toe || Tou || Toh/Too || Toh/Tu/Too || Đỗ || Du
|-
| 130 || [[阮姓|阮]] || Ruan || Juan || Yuen || Un || Ngwan/Nguang || Ngwan/Goon/Woon/Won/Nguang || Nguyễn ||Wan/Won/Lwan ||
|-
| 131 || [[蓝姓|蓝]] || Lan || Lan || Lam/Nam || Lam ||Nah || Nah/Lam/Ngam/Lan || Lam ||
|-
| 132 || [[闵姓|闵]] || Min || Min || Man || Man ||Miang ||Miang || Mẫn ||Min/Mun
|-
| colspan="11" | <br />
|-
| 133 || [[席姓|席]] || Xi || Hsi || Tsik || Chek ||Cheoh/Chioh ||Cheoh/Chioh || Tịch ||
|-
| 134 || [[季姓|季]] || Ji || Chi || Kwai || Kuai ||Kwee/Kui ||Kwee/Kui || Quý ||
|-
| 135 || [[麻姓|麻]] || Ma || Ma || Ma || Ma ||Mua||Mua|| Ma ||
|-
| 136 || [[强姓|强]] || Qiang || Chiang || Keung || Keong ||Kiang/Khiang ||Kiang/Khiang || Cường ||
|-
| colspan="11" | <br />
|-
| 137 || [[贾姓|贾]] || Jia || Chia || Ka || Ka ||Ka/Kia ||Ka/Kia || Giả ||
|-
| 138 || [[路姓|路]] || Lu || Lu || Lo || Lou ||Loh ||Loh || Lộ ||
|-
| 139 || [[娄姓|娄]] || Lou || Lou || Lau || Lao ||Loo ||Loo || Lâu ||
|-
| 140 || [[危姓|危]] || Wei || Wei || Ngai || Ngai ||Ngui/Ngwee ||Ngui/Ngwee || Nguy ||
|-
| colspan="11" | <br />
|-
| 141 || [[江姓|江]] || Jiang || Chiang || Kong || Kong || Kang || Kang/Kong/Khong/Khang || Giang || Kang
|-
| 142 || [[童姓|童]] || Tong || Tung || Tung || Tong ||Tong/Thong || Tong/Thong/Tang|| Đồng ||
|-
| 143 || [[颜姓|颜]] || Yan || Yen || Ngan || Ngan || Gan/Ngan/Ngang || Gan/Ngan/Ngam || Nhan ||
|-
| 144 || [[郭姓|郭]] || Guo || Kuo || Kwok || Kuok/Kuoc || Kueh/Kuek/Koay/Quek || Kuek/Kho/Kwoh/Kwok/Koay/Quek/Kok/Keoh || Quách || Kwak
|-
| colspan="11" | <br />
|-
| 145 || [[梅姓|梅]] || Mei || Mei || Mui || Mui || Boey/Buay || Boey/Buay/Moi/Mei/May/Moey || Mai||
|-
| 146 || [[盛姓|盛]] || Sheng || Sheng || Shing || Seng ||Seng || Seng/Cheng/Shang || Thịnh ||
|-
| 147 || [[林姓|林]] || Lin || Lin || Lam || Lam || Lim/Lam || Lim/Lin/Lam/Lum/Ling || Lâm || Lim / Im ||  || Rin || Hayashi/Rin
|-
| 148 || [[刁姓|刁]] || Diao || Tiao || Tiu || Tiu ||Teow/Tiau/Tiao ||Teow/Tiau/Tiao || Điêu ||
|-
| colspan="11" | <br />
|-
| 149 || [[鍾姓|鍾]] || Zhong || Chung || Chung || Chong ||Cheng || Ch'ng/Chong/Cheng/Chung || Chung ||
|-
| 150 || [[徐姓|徐]] || Xu || Hsu || Chui/Tsui || Choi || Su/Chee/Cher/Cheu || Ser/Seh/See/Cher/Cheu || Từ || Seo
|-
| 151 || [[邱姓|邱]] || Qiu || Chiu || Yau || Iao/Iau || Khoo || Khoo/Khu/Kue/Khor/Kiew/Kiu/Kew || Khưu ||
|-
| 152 || [[骆姓|骆]] || Luo || Lo || Lok || Lok || Lok || Loke/Lok/Loh || Lạc ||
|-
| colspan="11" | <br />
|-
| 153 || [[高姓|高]] || Gao || Kao || Ko || Kou || Koh/Kor || Kow/Ko/Ku/Koh || Cao || Ko
|-
| 154 || [[夏姓|夏]] || Xia || Hsia || Ha || Ha ||Hay || Hsia/Ha/Har/Hay || Hạ ||
|-
| 155 || [[蔡姓|蔡]] || Cai || Tsai || Choi/Tsoi || Choi || Chua || Chai/Chuah/Chua/Tsai || Thái || Chae || || Sa || Sai
|-
| 156 || [[田姓|田]] || Tian || Tien || Tin || Tin ||Chan || Tim/Tien/Ten/Then/Chan || Điền ||
|-
| colspan="11" | <br />
|-
| 157 || [[樊姓|樊]] || Fan || Fan || Fan || Fan || Han/Huang || Han/Huang/Fan/Phan || Phàn ||
|-
| 158 || [[胡姓|胡]] || Hu || Hu || Woo/Wu || Vu/Wu || Oh || Foo/Fu/Oh/Foh/Hoo/Hu || Hồ || Ho
|-
| 159 || [[凌姓|凌]] || Ling || Ling || Ling || Leng ||Leng || Leng/Lin/Ling || Lăng ||
|-
| 160 || [[霍姓|霍]] || Huo || Huo || Fok || Fok ||Kak/Khak ||Kak/Khak || Hoắc ||
|}

===百家姓161-200===
{| border="1" cellpadding="5" class="wikitable" style="font-size:95%"
|-
! !! 中文 !! [[中國大陸|中國大陸]] !! [[台灣|台灣]] !! [[香港|香港]] !! [[澳門|澳門]] !! [[新加坡|新加坡]] !! [[馬來西亞|馬來西亞]] !! [[越南|越南]] !! [[韩国|韩国]] !! [[朝鲜|朝鲜]] !! [[琉球|琉球]] !! [[日本|日本]]
|-
| 161 || [[虞姓|虞]] || Yu || Yu || Yu || U ||Ngoh/Ngor ||Ngoh/Ngor || Ngu|| Oo
|-
| 162 || [[万姓|万]] || Wan || Wan || Man || Man ||Man/Buang || Ban/Man/Buang || Vạn ||
|-
| 163 || [[支姓|支]] || Zhi || Chih || Chi/Tze || Chi ||Chee ||Chee || Chi ||
|-
| 164 || [[柯姓|柯]] || Ke || Ko || Or || O || Koa/Kwa/Kua || Quah/Koa/Kua || Kha ||
|-
| colspan="11" | <br />
|-
| 165 || [[昝姓|昝]] || Zan || Tsan || || || || || ||
|-
| 166 || [[管姓|管]] || Guan || Kuan || Kwun || Kun ||Kuang/Kwan || Kuang/Kwan || Quản ||
|-
| 167 || [[卢姓|卢]] || Lu || Lu || Lo/Lu/Loo || Lou || Loh || Low/Lu/Loo/Loh || Lư/Lô||
|-
| 168 || [[莫姓|莫]] || Mo || Mo || Mok || Mok ||Mok || Mok/Bok || Mạc ||
|-
| colspan="11" | <br />
|-
| 169 || [[经姓|经]] || Jing || Ching || King || Keng ||Keng || Gin/Keng || Kinh ||
|-
| 170 || [[房姓|房]] || Fang || Fang || Fong || Fong ||Pang || Piong/Fong/Fang/Pang || Phòng||
|-
| 171 || [[裘姓|裘]] || Qiu || Chiu || Kau || Kao ||Kew ||Kew || Cừu ||
|-
| 172 || [[缪姓|缪]] || Miao || Miao || Miu/ Mau || Mio ||Mok ||Mok || Mâu ||
|-
| colspan="11" | <br />
|-
| 173 || [[干姓|干]] || Gan || Kan || Kon || Kon || || || Cán ||
|-
| 174 || [[解姓|解]] || Xie || Hsieh || Kai || Kai |||Hai/Hye ||Hai/Hye || Giải ||
|-
| 175 || [[应姓|应]] || Ying || Ying || Ying || Ieng ||Eng ||Eng || Ứng ||
|-
| 176 || [[宗姓|宗]] || Zong || Tsung || Chung || Chong ||Chong ||Chong || Tông ||
|-
| colspan="11" | <br />
|-
| 177 || [[丁姓|丁]] || Ding || Ting || Ting || Teng || Teng ||Teng || Đinh||
|-
| 178 || [[宣姓|宣]] || Xuan || Hsuan || Suen || Sun ||Suang ||Suang || Tuyên ||
|-
| 179 || [[贲姓|贲]] || Ben || Pen || || || || || ||
|-
| 180 || [[邓姓|邓]] || Deng || Teng || Tang || Tang || Teng || Tang/Thien/Ten/Teng/Tan || Đặng ||
|-
| colspan="11" | <br />
|-
| 181 || [[郁姓|郁]] || Yu || Yu || Yuk || Iok ||Hiok ||Hiok || Úc ||
|-
| 182 || [[单姓|单]] || Shan || Shan || Sin || Sin ||Siang ||Siang || Thiện ||
|-
| 183 || [[杭姓|杭]] || Hang || Hang || Hong || Hong ||Hang ||Hang || Hàng ||
|-
| 184 || [[洪姓|洪]] || Hong || Hung || Hung || Hong || Ang || Ang/Ong/Hong/Hung || Hồng || Ho
|-
| colspan="11" | <br />
|-
| 185 || [[包姓|包]] || Bao || Pao || Pau || Pao/Bao ||Pow/Pao || Pow/Pao/Bao || Bao ||
|-
| 186 || [[诸姓|诸]] || Zhu || Chu || Chu || Chu ||Choo ||Choo || Chu ||
|-
| 187 || [[左姓|左]] || Zuo || Tso || Chor/Jor || Cho ||Cho/Chor ||Cho/Chor || Tả ||
|-
| 188 || [[石姓|石]] || Shi || Shih || Shek || Sek || Cheoh/Chioh ||Cheoh/Chioh || Thạch ||
|-
| colspan="11" | <br />
|-
| 189 || [[崔姓|崔]] || Cui || Tsui || Chui/Tsui || Choi ||Chwee/Chui ||Chwee/Chui || Thôi || Choi
|-
| 190 || [[吉姓|吉]] || Ji || Chi || Kut || Kat/Kit ||Kik ||Kik || Cát ||
|-
| 191 || [[钮姓|钮]] || Niu || Niu || Nau || Nao ||New/Niu ||New/Niu || Nữu ||
|-
| 192 || [[龚姓|龚]] || Gong || Kung || Kung || Kong || Kiong/Kong ||Kiong/Kong || Cung ||
|-
| colspan="11" | <br />
|-
| 193 || [[程姓|程]] || Cheng || Cheng || Ching || Cheng || Thia || Thia/Tiah/Tiang || Trình ||
|-
| 194 || [[嵇姓|嵇]] || Ji || Chi|| || || Kee||Kee || ||
|-
| 195 || [[邢姓|邢]] || Xing || Hsing || Ying || Ieng ||Hiah/Hia ||Hiah/Hia || Hình ||
|-
| 196 || [[滑姓|滑]] || Hua || Hua || || || || || Hoạt ||
|-
| colspan="11" | <br />
|-
| 197 || [[裴姓|裴]] || Pei || Pei || Pui || Pui ||Puay || Per/Puay|| Bùi || Bae
|-
| 198 || [[陆姓|陆]] || Lu || Lu || Luk || Lok ||Lok/Lek || Lek/Luk/Lok || Lục || Yook ||
|-
| 199 || [[荣姓|荣]] || Rong || Jung || Wing || Veng/Ving ||Yong ||Yong || Vinh ||
|-
| 200 || [[翁姓|翁]] || Weng || Weng || Yung || Iong || Ang/Eng || Wong/Yeong/Vung/Eng || Ông || || Ō
|}

===百家姓201-240===
{| border="1" cellpadding="5" class="wikitable" style="font-size:95%"
|-
! !! 中文 !! [[中國大陸|中國大陸]] !! [[台灣|台灣]] !! [[香港|香港]] !! [[澳門|澳門]] !! [[新加坡|新加坡]] !! [[馬來西亞|馬來西亞]] !! [[越南|越南]] !! [[韩国|韩国]] !! [[朝鲜|朝鲜]] !! [[琉球|琉球]] !! [[日本|日本]]
|-
| 201 || [[荀姓|荀]] || Xun || Hsun|| || Son ||Soon/Sung ||Soon/Sung || Tuân ||
|-
| 202 || [[羊姓|羊]] || Yang || Yang || Yeung || Ieong ||Yeoh ||Yeoh ||Dương || Young
|-
| 203 || [[於姓|-{於}-]] || Yu || Yu || Yu || U ||Yee ||Yee || Ư ||
|-
| 204 || [[惠姓|惠]] || Hui || Hui || Wai || Vai ||Hwee ||Hwee/Hui || Huệ ||
|-
| colspan="11" | <br />
|-
| 205 || [[甄姓|甄]] || Zhen || Chen || Yan || Ian ||Ying ||Ying || Chân ||
|-
| 206 || [[麴姓|麴]] || Qu || Chu || Kuk || Kok ||Khek/Kek ||Khek/Kek || Cúc ||
|-
| 207 || [[家姓|家]] || Jia || Chia || Ka/Kah || Ka || || ||Gia ||
|-
| 208 || [[封姓|封]] || Feng || Feng || Fung || Fong ||Hong ||Hong || Phong ||
|-
| colspan="11" | <br />
|-
| 209 || [[芮姓|芮]] || Rui || Jui|| || Ioi ||Juay ||Juay || Nhuế ||
|-
| 210 || [[羿姓|羿]] || Yi || I/Yi || Yik || Iek ||Ngee ||Ngee||Nghệ||
|-
| 211 || [[储姓|储]] || Chu || Chu || Chu || Chu || || || Trữ ||
|-
| 212 || [[靳姓|靳]] || Jin || Chin|| Kan|| || King/Keung||King/Keung || Cận ||
|-
| colspan="11" | <br />
|-
| 213 || [[汲姓|汲]] || Ji || Chi|| || || || || Cấp ||
|-
| 214 || [[邴姓|邴]] || Bing || Ping|| || ||Peng ||Peng || ||
|-
| 215 || [[糜姓|糜]] || Mi || Mi || Mei || Mei|| || || Mi ||
|-
| 216 || [[松姓|松]] || Song || Sung || Chung || Chong ||Song||Song ||Tùng||
|-
| colspan="11" | <br />
|-
| 217 || [[井姓|井]] || Jing || Ching || || Cheng || || || ||
|-
| 218 || [[段姓|段]] || Duan || Tuan || Tuen || Tun ||Teung ||Teung || Đoàn||
|-
| 219 || [[富姓|富]] || Fu || Fu || Foo || Fu ||Poo ||Poo ||Phú ||
|-
| 220 || [[巫姓|巫]] || Wu || Wu || Mo || Mou ||Boo || Wu/Bu/Moo/Boo/Woo || Vu ||
|-
| colspan="11" | <br />
|-
| 221 || [[乌姓|乌]] || Wu || Wu || Woo || Wu ||Woo/Oh || Woo/Voo/Oh || Ô ||
|-
| 222 || [[焦姓|焦]] || Jiao || Chiao || Chiu || Chio ||Cheow/Chiau ||Cheow/Chiau/Chiao || Tiêu ||
|-
| 223 || [[巴姓|巴]] || Ba || Pa || Pa || Pa ||Pa ||Pa || ||
|-
| 224 || [[弓姓|弓]] || Gong || Kung || Kung || Kong ||Keng ||Keng || Cung ||
|-
| colspan="11" | <br />
|-
| 225 || [[牧姓|牧]] || Mu || Mu || Muk || Mok ||Mok ||Mok || Mục ||
|-
| 226 || [[隗姓|隗]] || Wei/Kui || Wei/Kui|| || ||Ngwee/Ngui ||Ngwee/Ngui || ||
|-
| 227 || [[山姓|山]] || Shan || Shan || San || San || || || Sơn ||
|-
| 228 || [[谷姓|谷]] || Gu || Ku || Kuk || Kok ||Kok ||Kok || Cốc||
|-
| colspan="11" | <br />
|-
| 229 || [[车姓|车]] || Che || Che || || Che ||Chia ||Chia/Cheh/Che || Xa || Cha
|-
| 230 || [[侯姓|侯]] || Hou || Hou || Hau || Hao ||Hoh/Hou ||Hoh/Hou || Hầu ||
|-
| 231 || [[宓姓|宓]] || Mi || Mi|| || ||Mik ||Mik || ||
|-
| 232 || [[蓬姓|蓬]] || Peng || Peng || Pang || Pang ||Pong/Phong ||Pong/Phong || Bồng ||
|-
| colspan="11" | <br />
|-
| 233 || [[全姓|全]] || Quan || Chuan || Chuen || Chun ||Chuang ||Chuang ||Toàn || || Zen
|-
| 234 || [[郗姓|郗]] || Xi || Hsi || || ||Hee ||Hee || Hy ||
|-
| 235 || [[班姓|班]] || Ban || Pan || Pan || Pan ||Pang ||Pang || Ban ||
|-
| 236 || [[仰姓|仰]] || Yang || Yang || Yeung || Ieong ||Ngiang ||Ngiang || Ngưỡng || Young
|-
| colspan="11" | <br />
|-
| 237 || [[秋姓|秋]] || Qiu || Chiu || Chau || Chao ||Chew ||Chew/Chiu ||Thu ||
|-
| 238 || [[仲姓|仲]] || Zhong || Chung || Chung || Chong ||Tong ||Tong || Trung ||
|-
| 239 || [[伊姓|伊]] || Yi || I/Yi || Yee || I ||Yee ||Yee || Y ||
|-
| 240 || [[宫姓|宫]] || Gong || Kung || Kung || Kong ||Keng ||Keng || Cung ||
|}

===百家姓241-280===
{| border="1" cellpadding="5" class="wikitable" style="font-size:95%"
|-
! !! 中文 !! [[中國大陸|中國大陸]] !! [[台灣|台灣]] !! [[香港|香港]] !! [[澳門|澳門]] !! [[新加坡|新加坡]] !! [[馬來西亞|馬來西亞]] !! [[越南|越南]] !! [[韩国|韩国]] !! [[朝鲜|朝鲜]] !! [[琉球|琉球]] !! [[日本|日本]]
|-
| 241 || [[甯姓|甯]] || Ning || Ning || Ning || Neng || Leng || Leng || Ninh ||
|-
| 242 || [[仇姓|仇]] || Qiu || Chiu || Sau || Sao || Chew || Chew/Chiu || Thù ||
|-
| 243 || [[栾姓|栾]] || Luan || Luan || Luen || || Luang || Luang || ||
|-
| 244 || [[暴姓|暴]] || Bao || Pao || Po || Pou || Pow/Pau || Pow/Pau/Pao || Bạo ||
|-
| colspan="11" | <br />
|-
| 245 || [[甘姓|甘]] || Gan || Kan || Kam || Kam || Kam || Kam ||Cam ||
|-
| 246 || [[钭姓|钭]] || Dou || Tou || || || Toh/Tou || Toh/Tou || ||
|-
| 247 || [[厉姓|厉]] || Li || Li || Lai || Lai || Lee || Lee || Lệ ||
|-
| 248 || [[戎姓|戎]] || Rong || Jung || Yung || Iong || Jong || Jong || Nhung ||
|-
| colspan="11" | <br />
|-
| 249 || [[祖姓|祖]] || Zu || Tsu || Cho || Chou || Choh/Chou || Choh/Chou || Tổ ||
|-
| 250 || [[武姓|武]] || Wu || Wu || Mo || Mou || Boo || Boo || Vũ/Võ ||
|-
| 251 || [[符姓|符]] || Fu || Fu || Foo || Fu ||Hoo || Foo/Hoo/Hu || Phù ||
|-
| 252 || [[刘姓|刘]] || Liu || Liu || Lau || Lao || Low/Lau || Liew/Lau/Law/Liao/Lieu/Liu/Low || Lưu || Yu/Ryu || || || Ryuu
|-
| colspan="11" | <br />
|-
| 253 || [[景姓|景]] || Jing || Ching || King || Keng || Keng || Keng || Cảnh ||
|-
| 254 || [[詹姓|詹]] || Zhan || Chan || Jim/Tsim || Chim || Chiam || Chiam || Chiêm ||
|-
| 255 || [[束姓|束]] || Shu || Shu || || Chok || Sok || Sok || Thúc ||
|-
| 256 || [[龙姓|龙]] || Long || Lung || Lung/Loong || Long || Leng || Leong/Lon/King/Leng || Long ||
|-
| colspan="11" | <br />
|-
| 257 || [[叶姓|叶]] || Ye || Yeh || Ip/Yip || Ip || Yap || Yap/Yip || Diệp || Yeob/Seop/Sŏp/Sup/Sub/Seob/Sob/Coo|| Yō
|-
| 258 || [[幸姓|幸]] || Xing || Hsing || Hang || Hang || Heng || Heng || Hạnh ||
|-
| 259 || [[司姓|司]] || Si || Ssu || Sze || Si || See || See/Si || Tư ||
|-
| 260 || [[韶姓|韶]] || Shao || Shao || Siu || Sio || Seow || Seow/Siau/Siao || Thiều ||
|-
| colspan="11" | <br />
|-
| 261 || [[郜姓|郜]] || Gao || Kao || || || Kow/Kau || Kow/Kau || ||
|-
| 262 || [[黎姓|黎]] || Li || Li || Lai || Lai || Loi/Lee/Li || Loy/Loi/Lee/Li || Lê ||
|-
| 263 || [[蓟姓|蓟]] || Ji || Chi || || Kai || Kee || Kee || Kế ||
|-
| 264 || [[薄姓|薄]] || Bo || Po || || Pok || Poh || Poh || Bạc ||
|-
| colspan="11" | <br />
|-
| 265 || [[印姓|印]] || Yin || Yin || Yan || Ian || Ying || Ying || Ấn ||
|-
| 266 || [[宿姓|宿]] || Su || Su || Suk || Sok || || || Túc ||
|-
| 267 || [[白姓|白]] || Bai || Pai || Pak || Pak || Peh || Peh || Bạch/Bạc ||
|-
| 268 || [[怀姓|怀]] || Huai || Huai || Wai || Wai || Huai || Huai || Hoài ||
|-
| colspan="11" | <br />
|-
| 269 || [[蒲姓|蒲]] || Pu || Pu || Po || Pou || Phoo || Phoo || Bồ ||
|-
| 270 || [[邰姓|邰]] || Tai || Tai || Tai || || Thai/Tai || Thai/Tai || Thai ||
|-
| 271 || [[从姓|从]] || Cong || Tsung || Chung || Chong || Chong || Chong || Tòng ||
|-
| 272 || [[鄂姓|鄂]] || E || O || || Ngok || Ngak || Ngak || Ngạc ||
|-
| colspan="11" | <br />
|-
| 273 || [[索姓|索]] || Suo || So || || Sok || Sok/Soh || Sok/Soh || Tác ||
|-
| 274 || [[咸姓|咸]] || Xian || Hsien || Ham || Ham || Ham || Ham || Hàm || Ham
|-
| 275 || [[籍姓|籍]] || Ji || Chi || || Chek || || || Tịch ||
|-
| 276 || [[赖姓|赖]] || Lai || Lai || Lai || Lai || Lai/Nai || Lay/Lye/Lai/Nai || Lai ||
|-
| colspan="11" | <br />
|-
| 277 || [[卓姓|卓]] || Zhuo || Cho || Cheuk || Cheok || Toh || Chok/Chock/Chuk/Toh/Tsok/Tok|| Trác || 
|-
| 278 || [[蔺姓|蔺]] || Lin || Lin || Lun || Lon || Liang || Liang || Lận ||
|-
| 279 || [[屠姓|屠]] || Tu || Tu || To || Tou || Too/Tu || Too/Tu || Đồ ||
|-
| 280 || [[蒙姓|蒙]] || Meng || Meng || Mung || Mong || Mong || Bang/Mang/Mung/Mong ||Mông ||
|}

===百家姓281-320===
{| border="1" cellpadding="5" class="wikitable" style="font-size:95%"
|-
! !! 中文 !! [[中國大陸|中國大陸]] !! [[台灣|台灣]] !! [[香港|香港]] !! [[澳門|澳門]] !! [[新加坡|新加坡]] !! [[馬來西亞|馬來西亞]] !! [[越南|越南]] !! [[韩国|韩国]] !! [[朝鲜|朝鲜]] !! [[琉球|琉球]] !! [[日本|日本]]
|-
| 281 || [[池姓|池]] || Chi || Chih || Chi/Tsz || Chi ||Tee || See/Tee/Tie/Dea || Trì || Ji
|-
| 282 || [[乔姓|乔]] || Qiao || Chiao || Kiu || Kio || Keow || Keow/Kiau/Kiao || Kiều ||
|-
| 283 || [[阴姓|阴]] || Yin || Yin || Yam || Iam || Yim ||Yim || Âm ||
|-
| 284 || [[鬱姓|-{鬱}-]] || Yu || Yu || Wat || Vat || Hiok || Hiok || Uất ||
|-
| colspan="11" | <br />
|-
| 285 || [[胥姓|胥]] || Xu || Hsu || Sui || Soi || Soo || Soo/Su || Tư ||
|-
| 286 || [[能姓|能]] || Nai || Nai || Nang || Nang || Leng || Leng || Năng ||
|-
| 287 || [[苍姓|苍]] || Cang || Tsang || Chong || Chong || Chang || Chang/Chan || Thương ||
|-
| 288 || [[双姓|双]] || Shuang || Shuang || Sheung || Seong || Sang || Sang || Song ||
|-
| colspan="11" | <br />
|-
| 289 || [[闻姓|闻]] || Wen || Wen || Man || Man || Boon || Boon || Văn ||
|-
| 290 || [[莘姓|莘]] || Shen || Shen || || || Sing || Sing || Sân/Tân ||
|-
| 291 || [[党姓|党]] || Dang || Tang || Tong || Tong || Tang || Tang || Đẳng ||
|-
| 292 || [[翟姓|翟]] || Zhai || Chai || Chak || Chak || Tek || Tek || Trạch ||
|-
| colspan="11" | <br />
|-
| 293 || [[谭姓|谭]] || Tan || Tan || Tam || Tam || Tham || Tham || Đàm ||
|-
| 294 || [[贡姓|贡]] || Gong || Kung || Kung || Kong || Kong || Kong || Cống ||
|-
| 295 || [[劳姓|劳]] || Lao || Lao || Lo || Lou || Low || Low/Lau/Lao ||Lao ||
|-
| 296 || [[逄姓|逄]] || Pang || Pang || Fung || Fong || Phang || Phang/Pang || Bàng ||
|-
| colspan="11" | <br />
|-
| 297 || [[姬姓|姬]] || Ji || Chi || Kei || Kei || Kee || Kee || Cơ ||
|-
| 298 || [[申姓|申]] || Shen || Shen || San/Sun || Son || Sing || Sing || Thân || Sin
|-
| 299 || [[扶姓|扶]] || Fu || Fu || Foo || Fu || Hoo || Hoo/Hu || Phù ||
|-
| 300 || [[堵姓|堵]] || Du || Tu || To || Tou || || || Đổ ||
|-
! colspan="11" | <br />
|-
| 301 || [[冉姓|冉]] || Ran || Jan || || || Ziam/Jiam || Jiam/Riam/Ziam || Nhiễm ||
|-
| 302 || [[宰姓|宰]] || Zai || Tsai || Choi || Choi || Chai || Chai || Tể ||
|-
| 303 || [[郦姓|郦]] || Li || Li || || || Lee || Lee || Lệ ||
|-
| 304 || [[雍姓|雍]] || Yong || Yung || Yung || Iong || Yong || Yong || Ung ||
|-
| colspan="11" | <br />
|-
| 305 || [[郤姓|郤]] || Xi || Hsi || || Lio || Khiah/Kiah || Khiah/Kiah || Khích ||
|-
| 306 || [[璩姓|璩]] || Qu || Chu || || || || || ||
|-
| 307 || [[桑姓|桑]] || Sang || Sang || Song || Song || Sng/Seung || Sng/Seung || Tang ||
|-
| 308 || [[桂姓|桂]] || Gui || Kui || Kwai || Kuai || Kwee/Kui || Kwee/Kui || Quế||
|-
| colspan="11" | <br />
|-
| 309 || [[濮姓|濮]] || Pu || Pu || || || || || ||
|-
| 310 || [[牛姓|牛]] || Niu || Niu || Ngau || Ngao || Goo || Goo/Gu || Ngưu ||
|-
| 311 || [[寿姓|寿]] || Shou || Shou || Sau || Sao || Sew || Sew || Thọ ||
|-
| 312 || [[通姓|通]] || Tong || Tung || Tung || Tong || Tong/Thong || Tong/Thong || Thông ||
|-
| colspan="11" | <br />
|-
| 313 || [[边姓|边]] || Bian || Pien || Pin || Pin || Piang || Piang || Biên ||
|-
| 314 || [[扈姓|扈]] || Hu || Hu || Woo || Vu || Hoo || Hoo/Hu || Hỗ ||
|-
| 315 || [[燕姓|燕]] || Yan || Yen || Yin || In || Yin || Yin || Yến ||
|-
| 316 || [[冀姓|冀]] || Ji || Chi || Kei || Kei || Kee || Kee || Ký ||
|-
| colspan="11" | <br />
|-
| 317 || [[郏姓|郏]] || Jia || Chia || || || || || ||
|-
| 318 || [[浦姓|浦]] || Pu || Pu || Po || Pou || Poh/Pou || Poh/Pou || Phổ ||
|-
| 319 || [[尚姓|尚]] || Shang || Shang || Sheung || Seong || Siang || Siang || Sang/Thượng || Sang || || Shou||Shō 
|-
| 320 || [[农姓|农]] || Nong || Nung || Nung || Nong || Long || Long || Nông ||
|}

===百家姓321-360===
{| border="1" cellpadding="5" class="wikitable" style="font-size:95%"
|-
! !! 中文 !! [[中國大陸|中國大陸]] !! [[台灣|台灣]] !! [[香港|香港]] !! [[澳門|澳門]] !! [[新加坡|新加坡]] !! [[馬來西亞|馬來西亞]] !! [[越南|越南]] !! [[韩国|韩国]] !! [[朝鲜|朝鲜]] !! [[琉球|琉球]] !! [[日本|日本]]
|-
| 321 || [[温姓|温]] || Wen || Wen || Wan || Van ||Woon/Oon || Wen/Won/Wan/Woon/Bong/Voon/Oon || Ôn ||
|-
| 322 || [[别姓|别]] || Bie || Pieh || Pit || Pit ||Piak ||Piak || Biệt ||
|-
| 323 || [[莊姓|莊]] || Zhuang || Chuang || Chong || Chong ||Chng || Chuang/Ching/Chin/Chng || Trang ||
|-
| 324 || [[晏姓|晏]] || Yan || Yen || || Ngan ||Ang ||Ang || Yến ||
|-
| colspan="11" | <br />
|-
| 325 || [[柴姓|柴]] || Chai || Chai || Chai || Chai ||Cha ||Cha || Sài ||
|-
| 326 || [[瞿姓|瞿]] || Qu || Chu || Kui || Koi ||Keu ||Keu/Ker || Cù ||
|-
| 327 || [[阎姓|阎]] || Yan || Yen || Yim || Im ||Giam/Ngiam ||Giam/Ngiam || Diêm ||
|-
| 328 || [[充姓|充]] || Chong || Chung || Chung || Chong ||Chong ||Chong || Xung ||
|-
| colspan="11" | <br />
|-
| 329 || [[慕姓|慕]] || Mu || Mu || Mo || Mou ||Mor ||Mor || Mộ ||
|-
| 330 || [[连姓|连]] || Lian || Lien || Lin || Lin ||Lian/Liang || Lian/Liang/Leong || Liên ||
|-
| 331 || [[茹姓|茹]] || Ru || Ju || Yu || U ||Joo || Joo/Yee || Như ||
|-
| 332 || [[习姓|习]] || Xi || Hsi || Chap || Chap || Sip/Sik ||Sip/Sik || Tập ||
|-
| colspan="11" | <br />
|-
| 333 || [[宦姓|宦]] || Huan || Huan || Wan || Van ||Huang ||Huang || Hoạn ||
|-
| 334 || [[艾姓|艾]] || Ai || Ai || Ngai || Ngai || Hian/Ngai ||Hian/Ngai || Ngải ||
|-
| 335 || [[鱼姓|鱼]] || Yu || Yu || Yu || U || || || Ngư ||
|-
| 336 || [[容姓|容]] || Rong || Jung || Yung || Iong ||Yong ||Yong || Dung ||
|-
| colspan="11" | <br />
|-
| 337 || [[向姓|向]] || Xiang || Hsiang || Heung || Heong ||Hiang ||Hiang || Hướng || Sang/Hyang || || Shō
|-
| 338 || [[古姓|古]] || Gu || Ku || Koo || Ku || Koh ||Khoo/Koh/Ku/Koo || Cổ ||
|-
| 339 || [[易姓|易]] || Yi || I/Yi || Yik || Iek ||Ek ||Ek || Dịch ||
|-
| 340 || [[慎姓|慎]] || Shen || Shen || ||San || || || Thận ||
|-
| colspan="11" | <br />
|-
| 341 || [[戈姓|戈]] || Ge || Ko || || Ko ||Kho/Kor ||Kho/Khor/Kor || Qua ||
|-
| 342 || [[廖姓|廖]] || Liao || Liao || Liu || Lio/Liu || Leow || Leow/Liew/Liau/Liao || Liêu ||
|-
| 343 || [[庾姓|庾]] || Yu || Yu || Yu || U ||Joo/Ju ||Joo/Ju || Dữu ||
|-
| 344 || [[终姓|终]] || Zhong || Chung || Chung || Chong ||Chong ||Chong || Chung ||
|-
| colspan="11" | <br />
|-
| 345 || [[暨姓|暨]] || Ji || Chi || || Kei ||Kee ||Kee || Kỵ ||
|-
| 346 || [[居姓|居]] || Ju || Chu || Kui || Koi ||Keu/Ker ||Ker/Keu || Cư ||
|-
| 347 || [[衡姓|衡]] || Heng || Heng || || Hang ||Huang||Huang|| Hành ||
|-
| 348 || [[步姓|步]] || Bu || Pu || Po || Pou ||Poh ||Poh || Bộ ||
|-
| colspan="11" | <br />
|-
| 349 || [[都姓|都]] || Du || Tu || To || Tou ||Toh/Tou ||Toh/Tou || Đô ||
|-
| 350 || [[耿姓|耿]] || Geng || Keng || || Kang ||Kuang||Kuang || Cảnh ||
|-
| 351 || [[满姓|满]] || Man || Man || Mun || Mun ||Muan ||Muan || Mãn ||
|-
| 352 || [[弘姓|弘]] || Hong || Hung || Wung || Vang || Hong||Hong || Hoằng ||
|-
| colspan="11" | <br />
|-
| 353 || [[匡姓|匡]] || Kuang || Kuang || Hong || Hong ||Kuang ||Kuang || Khuông ||
|-
| 354 || [[国姓|国]] || Guo || Kuo || Kwok || Kuok ||Kok ||Kok ||Quốc ||
|-
| 355 || [[文姓|文]] || Wen || Wen || Man || Man || Boon/Bung ||Boon/Bung || Văn||
|-
| 356 || [[寇姓|寇]] || Kou || Kou || Kau || Kao ||Koh/Kou ||Koh/Kou || Khấu ||
|-
| colspan="11" | <br />
|-
| 357 || [[广姓|广]] || Guang || Kuang || Kwong || Kuong ||Kuang ||Kuang ||Quảng ||
|-
| 358 || [[禄姓|禄]] || Lu || Lu || Luk || Lok ||Lok ||Lok || Lục ||
|-
| 359 || [[阙姓|阙]] || Que || Chueh || Kuit || Kuet ||Kuek/Kueh || Kuek/Kueh || Khuyết ||
|-
| 360 || [[东姓|东]] || Dong || Tung || Tung || Dong ||Tong/Tang ||Tong/Tang || Đông || Dong
|}

===百家姓361-400===
{| border="1" cellpadding="5" class="wikitable" style="font-size:95%"
|-
! !! 中文 !! [[中國大陸|中國大陸]] !! [[台灣|台灣]] !! [[香港|香港]] !! [[澳門|澳門]] !! [[新加坡|新加坡]] !! [[馬來西亞|馬來西亞]] !! [[越南|越南]] !! [[韩国|韩国]] !! [[朝鲜|朝鲜]] !! [[琉球|琉球]] !! [[日本|日本]]
|-
| 361 || [[歐姓|歐]] || Ou || Ou || Au || Ao || Ow/Au/Ao || Ow/Au/Ao/Aw || ||
|-
| 362 || [[殳姓|殳]] || Shu || Shu ||  ||  || ||  || ||
|-
| 363 || [[沃姓|沃]] || Wo || Wo ||  || Iok || ||  || ||
|-
| 364 || [[利姓|利]] || Li || Li || Lee/Li || Lei/Lee || Lee || Lee || Lợi ||
|-
| colspan="11" | <br />
|-
| 365 || [[蔚姓|蔚]] || Wei || Wei || Wai || Wai || Way/We || Way/We || ||
|-
| 366 || [[越姓|越]] || Yue || Yueh ||  || Ut || Wak ||Wak  || Việt ||
|-
| 367 || [[夔姓|夔]] || Kui || Kuei ||  ||  || Kwee/Kui || Kwee/Kui || ||
|-
| 368 || [[隆姓|隆]] || Long || Lung || Lung || Long || Long || Long || ||
|-
| colspan="11" | <br />
|-
| 369 || [[師姓|師]] || Shi || Shih || Sze || Si || Sze/Ser || Sze/Ser || Sư ||
|-
| 370 || [[鞏姓|鞏]] || Gong || Kung || Kung || Konh || Kiong || Kiong || ||
|-
| 371 || [[厙姓|厙]] || She || She ||  ||  || ||  || ||
|-
| 372 || [[聶姓|聶]] || Nie || Nieh || Nip/Lip ||  || Niap || Niap || ||
|-
| colspan="11" | <br />
|-
| 373 || [[晁姓|晁]] || Zhao || Chao ||  ||  || ||  || ||
|-
| 374 || [[勾姓|勾]] || Gou || Kou ||  || Ngao || ||  || ||
|-
| 375 || [[敖姓|敖]] || Ao || Ao || Ngo ||  || ||  || ||
|-
| 376 || [[融姓|融]] || Rong || Jung || Yung || Iong || Yong || Yong || ||
|-
| colspan="11" | <br />
|-
| 377 || [[冷姓|冷]] || Leng || Leng ||  || Lang || ||  || Lãnh ||
|-
| 378 || [[訾姓|訾]] || Zi || Tzu ||  ||  || ||  || ||
|-
| 379 || [[辛姓|辛]] || Xin || Hsin || San/Sun || Son || Sing || Sing || Tân ||
|-
| 380 || [[闞姓|闞]] || Kan || Kan ||  ||  || ||  || ||
|-
| colspan="11" | <br />
|-
| 381 || [[那姓|那]] || Na || Na || Na || Na || ||  || ||
|-
| 382 || [[簡姓|簡]] || Jian || Chien || Kan || Kan || Kan/Kang || Kang || ||
|-
| 383 || [[饒姓|饒]] || Rao || Jao || Yiu || Io || Jeow/Jiau || Jeow/Jiau || ||
|-
| 384 || [[空姓|空]] || Kong || Kung || Hung || Hong || ||  || Không ||
|-
| colspan="11" | <br />
|-
| 385 || [[曾姓|曾]] ||Zeng || Tseng || Tsang || Chang || Chan/Tjan || Tjan/Chang/Chan/Chin/Chen ||Tăng ||
|-
| 386 || [[毋姓|毋]] || Wu || Wu || Mo || Mou || ||  || ||
|-
| 387 || [[沙姓|沙]] || Sha || Sha || Sha || Sa || Sha/Sua || Sha/Sua || Sa ||
|-
| 388 || [[乜姓|乜]] || Mie || Nieh ||  || Ne || ||  || ||
|-
| colspan="11" | <br />
|-
| 389 || [[養姓|養]] || Yang || Yang || Yeung || Ieong || ||  || ||
|-
| 390 || [[鞠姓|鞠]] || Ju || Chu ||  || Kok || ||  || ||
|-
| 391 || [[須姓|須]] || Xu || Hsu ||  || Seoi/Soi || Soo/Su || Soo/Su || ||
|-
| 392 || [[豐姓|豐]] || Feng || Feng || Fung || Fong || Hong || Hong || ||
|-
| colspan="11" | <br />
|-
| 393 || [[巢姓|巢]] || Chao || Chao ||  || Chao || Chow/Chau/Chao || Chow/Chau/Chao || ||
|-
| 394 || [[關姓|關]] || Guan || Kuan || Kwan || Kuan || Kwan/Kuang || Kwan/Kuang || ||
|-
| 395 || [[蒯姓|蒯]] || Kuai || Kuai ||  ||  || ||  || ||
|-
| 396 || [[相姓|相]] || Xiang || Hsiang || Sheung || Seong || ||  || ||
|-
| colspan="11" | <br />
|-
| 397 || [[查姓|查]] || Cha || Cha || Cha || Cha || Cha || Cha || ||
|-
| 398 || [[后姓|-{后}-]] || Hou || Hou || Hau || Hao || ||  || Hậu ||
|-
| 399 || [[荆姓|荆]] || Jing || Ching || King || Keng || Keng || Keng || ||
|-
| 400 || [[紅姓|紅]] || Hong || Hung || Hung || Hong || Ang || Ang || Hồng ||
|}

===百家姓401-441===
{| border="1" cellpadding="5" class="wikitable" style="font-size:95%"
|-
! !! 中文 !! [[中國大陸|中國大陸]] !! [[台灣|台灣]] !! [[香港|香港]] !! [[澳門|澳門]] !! [[新加坡|新加坡]] !! [[馬來西亞|馬來西亞]] !! [[越南|越南]] !! [[韩国|韩国]] !! [[朝鲜|朝鲜]] !! [[琉球|琉球]] !! [[日本|日本]]
|-
| 401 || [[游姓|游]] || You || Yu || Yau || Iao || Yew/Yu || Yew/Yu/Yiu || Du ||
|-
| 402 || [[竺姓|竺]] || Zhu || Chu ||  ||  || ||  || ||
|-
| 403 || [[權姓|權]] || Quan || Chuan || Kuen || Kun || Kuan/Kuang || Kuan/Kuang || || Kwon
|-
| 404 || [[逯姓|逯]] || Lu || Lu ||  ||  || ||  || ||
|-
| colspan="11" | <br />
|-
| 405 || [[蓋姓|蓋]] || Gai || Ko || Koi || Koi || ||  || ||
|-
| 406 || [[益姓|益]] || Yi || I / Yi || Yik || Iek || ||  || ||
|-
| 407 || [[桓姓|桓]] || Huan || Huan || Wun || Vun || ||  || || Hwan
|-
| 408 || [[公姓|公]] || Gong || Kung || Kung || Kong || Kong || Kong || Công ||
|-
| 409 || [[丘姓|丘]] || Qiu || Chiu || Yau || Iao || Khew/Khoo || Khew/Khoo || ||
|-
| colspan="11" | <br />
|-
| 410 || [[万俟姓|万俟]] || Moqi || Mo-chi ||  ||  ||Mok Kee || Mok Kee || ||
|-
| 411 || [[司馬姓|司馬]] || Sima || Ssu-ma || Szema || Si Ma || See Beh || See Beh || Tư Mã ||
|-
| 412 || [[上官姓|上官]] || Shangguan || Shang-kuan || Sheungkwun || Seong Kun || ||  || Thượng Quan ||
|-
| 413 || [[歐陽姓|歐陽]] || Ouyang || Ou-yang  || Auyeung  || Ao Ieong || ||  || Âu Dương ||
|-
| colspan="11" | <br />
|-
| 414 || [[夏侯姓|夏侯]] || Xiahou || Hsia-hou || Hahau || Ha Hao || ||  || ||
|-
| 415 || [[諸葛姓|諸葛]] || Zhuge || Chu-ko || Chukok ||  || Chukat ||  || ||Jegal
|-
| 416 || [[聞人姓|聞人]] || Wenren || Wen-jen || Manyan || Man Ian || ||  || ||
|-
| 417 || [[東方姓|東方]] || Dongfang || Tung-fang || Tungfong || Tong Fong || ||  || Đông Phương ||
|-
| colspan="11" | <br />
|-
| 418 || [[赫連姓|赫連]] || Helian || Ho-lien  ||  ||  || ||  || ||
|-
| 419 || [[皇甫姓|皇甫]] || Huangfu || Huang-fu ||  ||  || ||  || ||
|-
| 420 || [[尉遲姓|尉遲]] || Yuchi || Yu-chih || Waichi || Vai Chi || Utti ||  || ||
|-
| 421 || [[公羊姓|公羊]] || Gongyang || Kung-yang || Kungyeung || Kong Ieong || ||  || Công Dương ||
|-
| colspan="11" | <br />
|-
| 422 || [[澹臺姓|澹臺]] || Tantai || Tan-tai ||  ||  || ||  || ||
|-
| 423 || [[公冶姓|公冶]] || Gongye || Kung-yeh ||  ||  || ||  || Công Đài ||
|-
| 424 || [[宗政姓|宗政]] || Zongzheng || Tsung-cheng ||  || Chong Cheng || ||  || ||
|-
| 425 || [[濮陽姓|濮陽]] || Puyang || Pu-yang ||  ||  || ||  || ||
|-
| colspan="11" | <br />
|-
| 426 || [[淳于姓|淳于]] || Chunyu || Chun-yu ||  ||  || ||  || ||
|-
| 427 || [[單于姓|單于]] || Chanyu || Chan-yu ||  || Sin U || Siang Woo || Siang Woo || ||
|-
| 428 || [[太叔姓|太叔]] || Taishu || Tai-shu ||  || Tai Sok || ||  || ||
|-
| 429 || [[申屠姓|申屠]] || Shentu || Shen-tu ||  || San Tou || ||  || ||
|-
| colspan="11" | <br />
|-
| 430 || [[公孫姓|公孫]] || Gongsun || Kung-sun || Kungsuen || Kong Sun || ||  || ||
|-
| 431 || [[仲孫姓|仲孫]] || Zhongsun || Chung-sun || Chungsuen || Chong Sun || ||  || Trọng Tôn ||
|-
| 432 || [[軒轅姓|軒轅]] || Xuanyuan || Hsuan-yuan || Hinyuen || Hin Un || ||  || ||
|-
| 433 || [[令狐姓|令狐]] || Linghu || Ling-hu || Lingwoo || Leng Vu || ||  || Lệnh Hồ || Yeongho
|-
| colspan="11" | <br />
|-
| 434 || [[鍾離姓|鍾離]] || Zhongli || Chung-li ||  || Chong Lei || ||  || ||
|-
| 435 || [[宇文姓|宇文]] || Yuwen || Yu-wen || Yuman || U Man || ||  || ||
|-
| 436 || [[長孫姓|長孫]] || Zhangsun || Chang-sun || Cheungsuen || Cheong Sun || ||  || Trương Tôn ||
|-
| 437 || [[慕容姓|慕容]] || Murong || Mu-jung || Moyung || Mou Iong || ||  || ||
|-
| colspan="11" | <br />
|-
| 438 || [[鮮于姓|鮮-{于}-]] || Xianyu || Hsien-yu ||  || || ||  || || Seon Woo
|-
| 439 || [[閭丘姓|閭丘]] || Luqiu || Lu-chiu ||  ||  || ||  || ||
|-
| 440 || [[司徒姓|司徒]] || Situ || Ssu-tu || Szeto || Si Tou || || Su Ho || ||
|-
| 441 || [[司空姓|司空]] || Sikong || Ssu-kung || Szehung || Si Hong || ||  || Tư Công ||
|}

===百家姓442-481===
{| border="1" cellpadding="5" class="wikitable" style="font-size:95%"
|-
! !! 中文 !! [[中國大陸|中國大陸]] !! [[台灣|台灣]] !! [[香港|香港]] !! [[澳門|澳門]] !! [[新加坡|新加坡]] !! [[馬來西亞|馬來西亞]] !! [[越南|越南]] !! [[韩国|韩国]] !! [[朝鲜|朝鲜]] !! [[琉球|琉球]] !! [[日本|日本]]
|-
| 442 || [[亓官姓|亓官]] || Qiguan ||  ||  ||  || ||  || ||
|-
| 443 || [[司寇姓|司寇]] || Sikou ||  || Szekau || Si Kao || ||  || ||
|-
| 444 || [[仉姓|仉]] || Zhang ||  ||  ||  || ||  || ||
|-
| 445 || [[督姓|督]] || Du || Tu || Tuk ||  || ||  || ||
|-
| colspan="11" | <br />
|-
| 446 || [[子車姓|子车]] || Ziche ||  ||  || Chi Che || ||  || Tử Xa ||
|-
| 447 || [[顓孫姓|颛孙]] || Zhuansun ||  ||  ||  || ||  || ||
|-
| 448 || [[端木姓|端木]] || Duanmu || Tuan-mu ||  || Tun Mok || ||  || ||
|-
| 449 || [[巫馬姓|巫马]] || Wuma || Wu-ma || Moma || Mou Ma || ||  || ||
|-
| colspan="11" | <br />
|-
| 450 || [[公西姓|公西]]|| Gongxi  || Kung-hsi || Kungsai || Kong Sai || ||  || Công Tây ||
|-
| 451 || [[漆雕姓|漆雕]] || Qidiao || Chi-Tiao ||  || Chat Tiu || ||  || ||
|-
| 452 || [[樂正姓|乐正]] || Yuezheng || Yueh-cheng ||  || Ngok Cheng || ||  || Lạc Chính / Lạc Chánh ||
|-
| 453 || [[壤駟姓|壤驷]] || Xiangsi ||  ||  ||  || ||  || ||
|-
| colspan="11" | <br />
|-
| 454 || [[公良姓|公良]] || Gongliang || Kung-liang || Kungleung || Kong Leong || ||  || ||
|-
| 455 || [[拓拔姓|拓拔]] || Tuoba || To-pa ||  || Tok Pat || ||  || ||
|-
| 456 || [[夾谷氏|夹谷]] || Jiagu || Chia-ku ||  || Kap Kok || ||  || ||
|-
| 457 || [[宰父姓|宰父]] || Zaifu ||  ||  || Choi Fu || ||  || ||
|-
| colspan="11" | <br />
|-
| 458 || [[谷梁姓|穀梁]] || Guliang || Ku-liang ||  || Kok Leong || ||  || ||
|-
| 459 || [[晉姓|晋]] || Jin || Chin || Chun || Chon || ||  || ||
|-
| 460 || [[楚姓|楚]] || Chu || Chu || Chor || Cho || ||  || ||
|-
| 461 || [[闫姓|闫]] || Yan || Yen || Yim || Im || ||  || ||
|-
| colspan="11" | <br />
|-
| 462 || [[法姓|法]] || Fa || Fa || Fa || Fat || ||  || Pháp ||
|-
| 463 || [[汝姓|汝]] || Ru || Ju || Yu || U || ||  || ||
|-
| 464 || [[鄢姓|鄢]] || Yan || Yen || Yin || In || ||  || ||
|-
| 465 || [[涂姓|涂]] || Tu || Tu || To || Tou,Too || ||  || ||
|-
| colspan="11" | <br />
|-
| 466 || [[欽姓|钦]] || Qin || Chin ||  || Iam || ||  || ||
|-
| 467 || [[段干姓|段干]] || Duangan || Tuan-kan ||  || Tun Kon || ||  || ||
|-
| 468 || [[百里姓|百里]] || Baili || Pai-li ||  || Pak Lei || ||  || Bách Lý ||
|-
| 469 || [[東郭姓|东郭]] || Dongguo || Tung-kuo ||  || Tong Kuok || ||  || Đông Quách ||
|-
| colspan="11" | <br />
|-
| 470 || [[南門姓|南门]] || Nanmen || Nan-men || Nammun || Nam Mun || ||  || Nam Môn ||
|-
| 471 || [[呼延姓|呼延]] || Huyan || Hu-yen ||  || Fu In || ||  || ||
|-
| 472 || [[歸姓|归]] || Gui || Kuei || Kwai || Kuai || ||  || ||
|-
| 473 || [[海姓|海]] || Hai || Hai || Hoi || Hoi || || Heoi || Hải ||
|-
| colspan="11" | <br />
|-
| 474 || [[羊舌姓|羊舌]] || Yangshe ||  ||  || Ieong Sit || ||  || ||
|-
| 475 || [[微生姓|微生]] || Weisheng ||  ||  || Mei Sang || ||  || ||
|-
| 476 || [[岳姓|岳]] || Yue || Yueh || Ngok || Ngok || ||  || ||
|-
| 477 || [[帥姓|帅]] || Shuai ||  ||  || Soi || ||  || ||
|-
| colspan="11" | <br />
|-
| 478 || [[緱姓|缑]] || Gou || Kou ||  ||  || ||  || ||
|-
| 479 || [[亢姓|亢]] || Kang || Kang || Hong ||  || ||  || ||
|-
| 480 || [[況姓|况]] || Kuang || Kwang/Kuang || Kwong || Fong || ||  || ||
|-
| 481 || [[后姓|后]] || Hou || Hou || Hau || Hao || ||  || Hậu ||
|}

===百家姓482-505===
{| border="1" cellpadding="5" class="wikitable" style="font-size:95%"
|-
! !! 中文 !! [[中國大陸|中國大陸]] !! [[台灣|台灣]] !! [[香港|香港]] !! [[澳門|澳門]] !! [[新加坡|新加坡]] !! [[馬來西亞|馬來西亞]] !! [[越南|越南]] !! [[朝鲜|朝鲜]] !! [[韩国|韩国]] !! [[琉球|琉球]] !! [[日本|日本]]
|-
| 482 || [[有姓|有]] || You || Yu || Yau || Iao || ||  || Hữu ||
|-
| 483 || [[琴姓|琴]] || Qin || Chin ||  || Kam || Kim || Kim || ||
|-
| 484 || [[梁丘姓|梁丘]] || Liangqiu || Liang-chiu ||  || Leong Iao || ||  || ||
|-
| 485 || [[左丘姓|左丘]] || Zuoqiu ||  ||  || Cho Iao || ||  || ||
|-
| colspan="10" | <br />
|-
| 486 || [[東門姓|东门]] || Dongmen || Tung-men || Tungmun || Tong Mun || ||  || Đông Môn ||
|-
| 487 || [[西門姓|西门]] || Ximen || Hsi-men || Saimun || Sai Mun || ||  || Tây Môn ||
|-
| 488 || [[商姓|商]] || Shang || Shang || Sheung || Seong || Siang || Siang || ||
|-
| 489 || [[牟姓|牟]] || Mou || Mou ||  || Mao || ||  || ||
|-
| colspan="10" | <br />
|-
| 490 || [[佘姓|佘]] || She ||  || Sheh || Se || Sia/Siah/Seah || Sia/Siah/Seah || ||
|-
| 491 || [[佴姓|佴]] || Er ||  ||  ||  || ||  || ||
|-
| 492 || [[伯姓|伯]] || Bo || Po || Bak || Pak || Pek/Peh || Pek/Peh || ||
|-
| 493 || [[賞姓|赏]] || Shang || Shang || Sheung || Seong || ||  || Thưởng ||
|-
| colspan="10" | <br />
|-
| 494 || [[南宫姓|南宫]] || Nangong || Nan-kung || Namkung || Nam Kong || ||  || Nam cung || Namgung
|-
| 495 || [[墨姓|墨]] || Mo || Mo || Mak || Mak || Bak || Bak || ||
|-
| 496 || [[哈姓|哈]] || Ha || Ha || Ha || Ha || ||  || ||
|-
| 497 || [[谯姓|谯]] || Qiao || Chiao ||  ||  || ||  || ||
|-
| colspan="10" | <br />
|-
| 498 || [[笪姓|笪]] || Da || Ta ||  ||  || ||  || ||
|-
| 499 || [[年姓|年]] || Nian || Nien || Nin || Nin || Nee || Nee || Niên ||
|-
| 500 || [[爱姓|爱]] || Ai || Ai || Oi || Oi || ||  || Ái ||
|-
| 501 || [[阳姓|阳]] || Yang || Yang || Yeung || Ieong || ||  || Dương ||
|-
| colspan="10" | <br />
|-
| 502 || [[佟姓|佟]] || Tong || Tung || Tung || Tong || Tong/Thong || Tong/Thong  || ||
|-
| 503 || [[第五姓|第五]] || Diwu || Ti-wu || Taing || Tai Ng || ||  || Đệ Ngũ ||
|-
| 504 || [[言姓|言]] || Yan || Yen || Yin || In || ||  || Ngôn ||
|-
| 505 || [[福姓|福]] || Fu || Fu || Fuk || Fok || Hok || Hok || Phúc ||
|}

===其他===
{| border="1" cellpadding="5" class="wikitable" style="font-size:95%"
|-
! !! 中文 !! [[中國大陸|中國大陸]] !! [[台灣|台灣]] !! [[香港|香港]] !! [[澳門|澳門]] !! [[新加坡|新加坡]] !! [[馬來西亞|馬來西亞]] !! [[越南|越南]] !! [[韩国|韩国]] !! [[朝鲜|朝鲜]] !! [[琉球|琉球]] !! [[日本|日本]]
|-
| 506 || [[麥姓|麥]] || Mai || Mai || Mak || Mak || Beh || Beh/Muk/Mak || Mạch || Maek/Maeck/Maeg ||  || Muzi || Mugi
|-
| 507 || [[源姓|源]] || Yuan || Yuan || Yuen || Un || Yuan/Yuen || Yuan/Yuen || Nguyên/Nguồn || Won || Won || Zin || Minamoto/Gen
|-
| 508 || [[難姓|難]] || Nan || Nan || Nan || Nan || Nan || Nan || Nan || Nan || Nan || Nan || Nan
|-
| 509 || [[星姓|星]] || Xing || Xing/Hsing/Hsing/Sying/Sing || sing || seng || Sing/Xing || Xing/Hsing/Hsing/Sying/Sing/Seng || Tinh || Seong/Sŏng/Sung/Soung/Seung/Song ||  || Si/Husi || Hoshi
|}

== 注釋 ==
{{NoteFoot}}

[[Category:漢姓|*]]
[[Category:译名表|Category:译名表]]